date,temperature_2m_max,temperature_2m_min,temperature_2m_mean,apparent_temperature_mean,relative_humidity_2m_mean,precipitation_sum,rain_sum,wind_speed_10m_max,wind_gusts_10m_max,cloud_cover_mean,surface_pressure_mean,shortwave_radiation_sum,et0_fao_evapotranspiration
2024-04-01,3.3,-7.7,-1.4,-5.6,34,0.0,0.0,12.6,32.0,46,674.0,27.62,3.4
2024-04-02,3.2,-8.6,-1.9,-6.2,36,0.0,0.0,13.0,29.9,54,672.8,27.87,3.49
2024-04-03,3.0,-8.0,-2.2,-6.4,45,0.0,0.0,11.9,28.1,58,673.2,26.52,3.28
2024-04-04,2.7,-7.6,-2.3,-6.3,46,0.0,0.0,11.9,26.3,69,676.5,26.12,3.27
2024-04-05,2.8,-3.9,-0.9,-4.7,48,0.1,0.0,10.9,29.9,83,676.0,23.38,3.09
2024-04-06,2.3,-5.4,-1.7,-5.2,50,0.0,0.0,8.7,23.0,38,676.9,24.3,3.06
2024-04-07,2.0,-5.8,-1.8,-5.5,49,0.0,0.0,10.7,34.9,58,676.5,25.41,3.15
2024-04-08,3.0,-7.1,-2.1,-5.8,46,0.7,0.0,12.3,29.5,15,678.5,28.62,3.51
2024-04-09,4.0,-7.0,-1.4,-5.0,37,0.0,0.0,11.4,26.6,0,679.6,29.06,3.73
2024-04-10,4.2,-5.6,-0.6,-4.2,38,0.0,0.0,9.7,25.2,33,680.2,28.72,3.7
2024-04-11,4.3,-3.4,0.8,-2.9,41,0.0,0.0,10.2,31.7,52,679.8,23.24,3.32
2024-04-12,5.1,-4.2,0.8,-2.5,51,0.0,0.0,10.0,28.1,46,681.4,27.91,3.65
2024-04-13,7.6,-2.2,3.0,-0.4,39,0.0,0.0,10.5,25.6,87,681.2,28.66,4.15
2024-04-14,9.8,1.2,5.6,2.1,45,0.2,0.0,12.1,34.6,91,681.2,22.77,3.62
2024-04-15,7.2,1.8,4.8,1.5,54,3.3,0.0,9.4,25.9,89,681.0,17.97,2.79
2024-04-16,5.8,-0.3,3.0,-0.3,56,2.5,0.0,10.8,27.0,55,679.2,22.99,3.25
2024-04-17,9.0,-1.8,4.4,1.5,37,0.0,0.0,8.1,23.8,73,680.0,28.79,4.34
2024-04-18,7.3,2.5,5.1,1.8,48,0.3,0.0,9.9,26.3,94,678.3,18.12,2.92
2024-04-19,9.0,0.4,4.6,1.7,50,0.0,0.0,9.4,35.3,78,677.9,28.16,4.2
2024-04-20,6.9,0.4,3.2,0.2,54,0.0,0.0,9.8,39.2,69,677.2,24.55,3.5
2024-04-21,7.2,-1.0,3.4,0.4,49,0.0,0.0,7.9,27.0,64,677.8,25.34,3.61
2024-04-22,7.1,-0.1,3.3,0.3,50,0.1,0.0,8.2,26.3,60,678.3,25.28,3.59
2024-04-23,7.6,-0.7,3.4,0.3,43,0.0,0.0,9.7,30.2,24,678.1,27.68,3.86
2024-04-24,7.7,-0.1,3.7,0.7,47,0.0,0.0,6.6,31.3,34,678.3,27.18,3.86
2024-04-25,9.1,-2.7,3.8,0.6,45,0.0,0.0,9.2,30.6,15,680.1,29.52,4.24
2024-04-26,9.3,-0.1,4.9,1.6,41,0.0,0.0,9.7,31.7,45,679.7,27.95,4.29
2024-04-27,7.2,1.1,4.5,0.8,43,0.3,0.0,9.7,29.2,86,677.5,19.81,3.19
2024-04-28,9.4,0.5,4.6,1.1,39,0.4,0.0,10.7,36.7,80,678.5,24.67,3.93
2024-04-29,8.2,-0.6,4.1,0.2,45,9.0,0.0,14.5,36.0,96,676.8,16.7,2.78
2024-04-30,6.1,-4.7,1.6,-2.1,46,2.0,0.0,13.0,32.4,68,673.7,30.3,3.9
2024-05-01,4.3,-2.7,1.2,-2.0,45,1.6,0.0,7.4,32.4,88,672.5,27.64,3.61
2024-05-02,7.9,-3.4,2.7,-0.5,45,0.1,0.0,11.7,30.6,41,678.5,31.01,4.35
2024-05-03,12.0,-0.0,6.5,3.4,39,0.2,0.1,10.6,28.8,52,681.4,28.88,4.76
2024-05-04,8.6,2.4,5.0,2.4,66,7.1,0.4,8.9,31.3,74,681.4,22.67,3.39
2024-05-05,10.1,1.3,5.4,2.7,59,0.0,0.0,10.5,28.8,19,680.2,27.13,4.05
2024-05-06,11.4,1.8,6.9,4.1,43,0.1,0.1,11.7,32.8,9,681.5,28.72,4.54
2024-05-07,11.6,0.0,6.2,3.1,47,1.3,0.6,10.5,33.5,15,682.8,28.42,4.58
2024-05-08,14.2,2.3,8.1,5.0,33,0.0,0.0,11.6,31.7,3,684.9,31.84,5.24
2024-05-09,15.3,2.9,9.3,6.1,29,0.0,0.0,10.0,39.6,5,684.0,31.48,5.47
2024-05-10,15.7,2.5,9.8,6.6,30,0.0,0.0,12.2,47.9,18,684.9,31.29,5.49
2024-05-11,14.4,2.7,9.5,6.6,37,0.1,0.1,10.2,50.8,55,684.7,26.36,4.67
2024-05-12,13.5,3.8,7.9,4.9,44,0.8,0.4,7.9,31.0,58,682.7,23.87,4.05
2024-05-13,8.4,0.6,4.7,1.5,41,1.5,0.0,8.1,35.3,50,683.6,26.39,4.02
2024-05-14,13.3,0.3,7.0,3.6,30,0.5,0.1,10.2,30.6,17,685.8,31.12,4.98
2024-05-15,15.2,1.3,9.4,5.9,22,0.0,0.0,10.3,31.7,11,687.0,31.48,5.41
2024-05-16,15.5,2.7,10.0,6.8,24,0.0,0.0,9.7,29.9,11,687.6,32.18,5.45
2024-05-17,15.9,2.9,10.7,7.6,28,0.0,0.0,9.1,36.4,11,686.3,30.66,5.35
2024-05-18,16.8,5.3,11.6,8.7,27,0.0,0.0,8.9,31.3,4,685.4,32.07,5.56
2024-05-19,17.1,6.5,12.0,9.0,32,0.0,0.0,13.8,51.1,32,683.7,29.25,5.28
2024-05-20,15.2,7.4,11.6,8.8,33,0.0,0.0,10.0,41.4,17,684.0,28.34,4.95
2024-05-21,17.2,5.8,11.9,9.1,32,0.0,0.0,8.0,36.0,9,685.0,31.0,5.41
2024-05-22,19.0,5.9,13.0,9.8,26,0.0,0.0,9.3,42.5,2,685.3,31.78,5.94
2024-05-23,19.2,7.8,14.0,10.7,19,0.0,0.0,12.4,49.0,4,685.1,30.52,5.82
2024-05-24,18.9,6.0,13.6,10.1,19,0.0,0.0,10.6,45.7,9,684.7,31.04,6.05
2024-05-25,18.8,7.8,14.0,10.9,23,0.0,0.0,12.2,47.9,14,684.9,29.63,5.65
2024-05-26,20.2,7.5,14.4,11.2,20,0.0,0.0,16.6,60.5,11,683.9,31.74,6.21
2024-05-27,20.6,7.4,14.4,11.2,22,0.0,0.0,15.7,60.8,15,682.8,31.98,6.23
2024-05-28,17.1,7.5,12.5,9.2,26,0.0,0.0,14.2,54.7,45,680.9,29.4,5.67
2024-05-29,15.6,5.8,9.9,7.0,34,0.0,0.0,6.9,36.4,55,681.6,26.92,4.71
2024-05-30,10.3,4.3,7.6,4.5,47,0.9,0.4,12.7,45.4,63,682.9,20.17,3.24
2024-05-31,12.7,3.6,8.3,5.5,43,0.1,0.0,9.4,40.3,46,684.4,28.51,4.6
2024-06-01,13.1,4.8,8.2,5.5,46,1.0,0.2,9.7,42.1,52,684.5,28.04,4.57
2024-06-02,13.9,2.5,8.8,6.1,44,0.4,0.0,7.6,34.9,25,685.2,29.31,4.62
2024-06-03,15.8,6.0,11.5,8.4,29,0.0,0.0,11.1,44.3,14,685.0,30.62,5.39
2024-06-04,16.0,5.1,11.4,8.4,35,0.2,0.2,14.9,59.0,48,683.7,28.0,5.05
2024-06-05,15.0,3.8,9.8,7.1,43,0.8,0.7,11.3,41.8,61,684.2,28.7,4.94
2024-06-06,14.6,6.8,10.0,7.5,47,4.1,2.5,12.2,45.0,63,683.6,24.48,4.3
2024-06-07,14.9,5.2,9.8,7.2,43,0.3,0.0,7.1,33.8,39,682.4,28.56,4.83
2024-06-08,15.3,6.7,10.4,7.5,38,0.5,0.5,11.8,43.9,83,681.6,24.61,4.43
2024-06-09,14.8,4.6,10.1,7.2,37,0.2,0.1,10.6,41.0,44,682.6,29.29,5.01
2024-06-10,17.0,8.2,12.6,9.4,25,0.0,0.0,13.9,51.8,36,683.9,29.74,5.41
2024-06-11,15.1,6.7,11.4,8.5,36,0.3,0.3,10.2,42.1,44,684.3,26.73,4.68
2024-06-12,17.0,8.5,12.7,10.0,31,0.0,0.0,10.9,42.8,33,685.0,28.88,5.21
2024-06-13,15.8,6.4,11.0,8.7,49,1.9,1.9,8.4,40.7,47,684.3,25.28,4.38
2024-06-14,16.0,6.7,10.9,8.7,54,0.4,0.3,9.1,38.2,44,683.5,28.66,4.82
2024-06-15,17.9,7.5,12.8,10.5,44,0.0,0.0,9.8,43.9,30,684.3,29.12,5.26
2024-06-16,20.5,10.0,15.2,12.5,30,0.0,0.0,10.6,43.6,13,685.4,31.29,5.97
2024-06-17,19.4,11.3,15.2,12.4,30,0.0,0.0,9.8,43.2,24,685.7,28.53,5.51
2024-06-18,18.6,8.8,13.4,11.2,42,0.7,0.7,18.4,64.4,46,684.0,27.22,5.05
2024-06-19,17.4,5.7,11.5,9.0,47,0.0,0.0,11.9,46.4,63,681.2,28.39,5.14
2024-06-20,17.7,5.5,11.7,9.3,45,0.4,0.1,11.1,43.6,52,680.5,27.6,4.96
2024-06-21,15.6,8.3,11.2,8.9,53,2.0,2.0,7.3,29.9,93,681.3,17.4,3.23
2024-06-22,15.2,7.1,10.3,8.3,62,2.3,2.3,8.9,37.4,78,681.9,20.51,3.63
2024-06-23,17.8,6.1,12.3,10.4,57,1.5,1.3,8.2,34.6,65,683.8,25.76,4.64
2024-06-24,18.4,8.2,13.2,11.3,51,1.0,1.0,8.6,36.4,43,683.6,26.48,4.8
2024-06-25,20.9,8.8,15.2,13.1,42,0.0,0.0,10.9,40.7,31,683.7,29.31,5.64
2024-06-26,21.9,12.7,17.4,15.0,30,0.0,0.0,8.4,37.4,23,684.5,29.97,5.93
2024-06-27,22.8,13.3,18.0,16.0,31,0.0,0.0,7.9,36.7,11,685.7,30.63,6.0
2024-06-28,23.6,11.4,18.7,16.4,30,0.0,0.0,10.5,41.4,8,684.6,30.89,6.25
2024-06-29,24.9,14.5,19.6,17.4,32,0.0,0.0,11.2,42.5,14,683.5,28.97,6.08
2024-06-30,24.2,14.1,19.3,17.6,38,0.0,0.0,11.0,41.8,12,683.4,28.53,5.89
2024-07-01,24.9,14.6,19.6,18.0,38,0.0,0.0,8.2,37.4,13,682.0,28.07,5.75
2024-07-02,25.0,15.2,20.0,18.3,33,0.0,0.0,10.1,43.6,17,681.2,28.67,5.89
2024-07-03,25.9,14.9,20.6,18.4,28,0.0,0.0,10.0,40.0,1,683.2,31.56,6.53
2024-07-04,26.5,16.3,21.3,19.0,26,0.0,0.0,13.0,49.7,6,684.6,31.2,6.61
2024-07-05,22.1,13.9,17.9,15.9,37,0.4,0.4,10.4,43.6,48,680.2,26.49,5.31
2024-07-06,17.2,11.6,14.3,12.0,43,0.3,0.3,5.8,26.3,56,678.6,16.58,3.25
2024-07-07,22.5,10.8,16.6,14.3,29,0.0,0.0,6.2,32.4,43,681.8,28.96,5.5
2024-07-08,23.0,12.1,17.1,14.5,27,0.0,0.0,10.0,36.7,21,684.3,29.48,5.85
2024-07-09,22.8,13.0,18.2,15.6,22,0.0,0.0,7.6,36.7,6,686.0,30.68,6.04
2024-07-10,23.5,14.8,19.0,16.7,25,0.0,0.0,7.4,32.8,28,686.3,28.39,5.66
2024-07-11,22.5,13.3,18.0,15.5,29,0.0,0.0,8.7,43.6,24,682.8,28.82,5.93
2024-07-12,21.4,9.6,16.4,13.7,32,0.0,0.0,12.0,47.2,44,680.3,29.33,5.95
2024-07-13,20.1,12.4,16.3,14.0,34,0.1,0.1,8.9,36.7,69,680.6,25.27,5.01
2024-07-14,22.6,12.7,16.9,14.4,29,0.0,0.0,8.7,34.2,57,681.5,27.39,5.42
2024-07-15,22.1,13.1,17.4,15.0,28,0.0,0.0,8.4,34.2,17,685.0,29.22,5.7
2024-07-16,25.8,14.3,19.6,17.0,21,0.0,0.0,12.8,47.9,3,686.4,30.96,6.25
2024-07-17,26.1,14.9,20.2,17.8,23,0.0,0.0,7.4,33.8,4,685.7,30.96,6.19
2024-07-18,24.9,16.2,19.5,17.0,27,0.0,0.0,10.5,39.2,26,683.8,26.19,5.55
2024-07-19,25.2,14.4,19.3,17.2,27,0.0,0.0,6.9,34.9,23,683.3,29.04,5.76
2024-07-20,26.5,14.9,20.7,18.4,24,0.0,0.0,9.2,33.5,9,684.5,30.3,6.2
2024-07-21,26.4,15.9,20.8,18.5,26,0.0,0.0,12.4,46.4,17,684.5,28.54,6.09
2024-07-22,26.1,16.0,20.9,18.4,23,0.0,0.0,12.3,48.2,5,684.6,29.94,6.36
2024-07-23,25.5,16.4,20.8,18.5,27,0.0,0.0,9.0,36.7,30,683.5,26.62,5.66
2024-07-24,26.2,16.5,21.1,19.1,29,0.0,0.0,12.5,47.5,11,681.2,27.06,5.72
2024-07-25,26.4,16.2,21.2,19.0,27,0.0,0.0,12.0,46.8,12,680.9,28.04,6.12
2024-07-26,28.6,16.1,22.3,19.9,26,0.0,0.0,13.7,50.4,6,682.7,28.46,6.27
2024-07-27,31.5,14.3,23.8,21.2,23,0.0,0.0,13.0,48.6,8,684.0,29.3,6.98
2024-07-28,31.7,17.5,25.3,23.0,22,0.0,0.0,12.6,40.3,17,685.5,28.58,6.61
2024-07-29,31.2,17.1,24.1,21.9,26,0.1,0.1,15.2,56.5,34,685.5,27.54,6.66
2024-07-30,26.2,16.0,20.5,19.5,45,0.0,0.0,11.3,47.5,86,687.0,23.78,5.14
2024-07-31,26.7,13.9,20.1,19.3,49,1.4,1.4,13.2,51.8,56,685.4,24.88,5.33
2024-08-01,23.2,14.5,18.0,17.5,58,2.9,2.9,13.9,47.2,49,683.6,21.61,4.32
2024-08-02,23.7,11.9,16.7,16.3,66,6.2,6.2,12.2,46.8,57,682.9,24.22,4.7
2024-08-03,24.4,12.7,18.6,17.8,52,0.0,0.0,8.8,36.4,26,683.8,25.73,5.2
2024-08-04,24.5,14.3,18.6,17.8,53,2.1,2.1,11.5,47.5,49,685.5,24.99,5.11
2024-08-05,22.9,13.3,17.5,16.9,61,1.8,1.8,8.5,48.2,68,685.7,20.52,4.17
2024-08-06,25.5,11.3,19.3,18.1,45,0.0,0.0,10.4,38.9,30,683.9,26.25,5.31
2024-08-07,24.2,13.1,19.1,17.1,36,0.0,0.0,11.7,47.2,26,683.5,25.43,5.32
2024-08-08,23.1,12.1,17.9,16.1,43,0.0,0.0,8.0,38.2,29,685.4,22.89,4.63
2024-08-09,26.6,12.9,20.5,18.5,29,0.0,0.0,8.7,34.9,12,686.3,27.9,5.73
2024-08-10,27.4,13.8,21.3,17.9,16,0.0,0.0,11.5,48.6,4,685.0,29.09,6.62
2024-08-11,25.5,16.7,19.9,17.9,33,1.6,1.6,14.5,49.3,57,683.9,22.36,4.79
2024-08-12,22.4,13.0,17.5,15.9,48,0.3,0.3,8.5,35.3,51,685.2,20.71,4.14
2024-08-13,27.8,12.6,20.9,18.4,26,0.0,0.0,11.1,44.6,4,686.7,28.47,6.17
2024-08-14,28.0,12.8,21.5,18.4,21,0.0,0.0,11.5,42.1,4,687.0,28.34,6.54
2024-08-15,28.1,14.2,20.7,18.3,30,0.5,0.5,18.4,62.6,67,687.2,22.12,5.15
2024-08-16,21.9,11.6,16.5,15.5,59,1.2,1.2,7.5,37.4,79,686.5,21.84,4.24
2024-08-17,19.3,12.3,15.5,14.4,62,1.8,1.8,8.8,37.1,79,687.2,18.6,3.51
2024-08-18,20.5,10.9,16.0,15.1,60,0.0,0.0,8.8,42.1,71,687.0,22.0,4.22
2024-08-19,19.8,12.1,15.7,15.0,63,5.4,5.4,8.9,36.4,61,685.1,21.88,4.18
2024-08-20,20.5,9.6,15.6,13.8,48,0.0,0.0,10.5,42.1,29,684.4,24.36,4.62
2024-08-21,20.6,11.2,16.4,14.2,38,0.0,0.0,10.1,41.0,32,686.1,24.04,4.67
2024-08-22,20.8,12.1,17.0,14.8,33,0.0,0.0,5.9,27.7,22,685.2,24.68,4.68
2024-08-23,19.4,14.1,16.9,14.4,30,0.0,0.0,6.4,31.0,40,685.2,24.96,4.75
2024-08-24,21.5,13.6,17.6,15.1,27,0.0,0.0,6.4,31.7,8,686.1,25.55,4.9
2024-08-25,22.9,13.7,18.3,16.0,30,0.0,0.0,7.9,35.3,14,685.7,25.69,5.01
2024-08-26,23.1,14.5,18.7,16.4,29,0.0,0.0,7.7,36.0,12,685.5,25.68,5.05
2024-08-27,21.7,13.9,17.6,15.4,36,0.0,0.0,9.4,43.6,61,686.4,21.91,4.5
2024-08-28,22.2,11.0,15.6,13.8,49,0.2,0.2,10.2,35.6,79,686.0,21.38,4.25
2024-08-29,21.0,11.3,14.8,13.4,54,7.5,7.5,12.4,45.4,82,684.8,21.19,4.12
2024-08-30,17.8,11.3,14.0,13.0,66,2.1,2.1,7.6,32.0,72,686.5,17.79,3.35
2024-08-31,20.4,10.1,15.5,14.2,55,0.0,0.0,7.3,33.1,43,687.7,23.14,4.3
2024-09-01,21.6,13.9,17.6,16.2,44,0.0,0.0,10.0,40.0,9,687.4,24.75,4.7
2024-09-02,21.0,10.7,17.2,15.7,43,0.0,0.0,8.6,36.0,33,685.7,23.83,4.54
2024-09-03,18.1,10.9,14.1,12.5,55,0.5,0.5,6.9,33.5,70,685.7,18.19,3.39
2024-09-04,16.8,9.8,12.8,11.3,63,2.1,2.1,11.0,44.3,56,683.6,18.11,3.27
2024-09-05,19.4,6.9,14.1,12.0,51,0.0,0.0,9.9,40.0,37,681.7,22.74,4.29
2024-09-06,18.7,10.3,14.4,12.5,47,0.0,0.0,7.5,33.8,37,683.6,22.01,4.06
2024-09-07,18.2,8.4,13.6,11.7,45,0.2,0.2,6.4,30.6,42,684.4,22.36,4.07
2024-09-08,19.4,11.2,15.4,13.0,35,0.0,0.0,5.5,27.4,33,685.3,22.95,4.26
2024-09-09,20.1,9.7,15.7,13.0,29,0.0,0.0,8.7,34.6,31,683.9,23.11,4.48
2024-09-10,17.9,12.1,14.7,12.0,33,0.0,0.0,8.9,38.5,39,683.0,22.74,4.3
2024-09-11,15.7,8.9,12.9,10.2,38,0.0,0.0,9.2,37.4,52,683.1,21.07,3.85
2024-09-12,20.1,7.0,14.7,11.7,25,0.0,0.0,7.5,30.6,7,682.7,25.57,4.65
2024-09-13,21.1,11.5,16.1,12.9,18,0.0,0.0,12.8,48.6,4,681.5,25.77,4.9
2024-09-14,19.2,11.1,15.0,12.1,23,0.0,0.0,8.7,34.2,32,681.2,24.38,4.44
2024-09-15,15.3,10.0,12.8,10.1,34,0.7,0.7,5.6,27.0,49,681.7,18.75,3.39
2024-09-16,17.5,9.5,13.9,10.9,26,0.0,0.0,6.4,28.4,31,683.7,22.97,4.14
2024-09-17,20.6,7.4,14.6,11.3,21,0.0,0.0,11.3,42.1,14,684.6,24.21,4.71
2024-09-18,18.8,9.6,14.6,11.2,22,0.0,0.0,13.0,45.7,53,685.7,21.72,4.16
2024-09-19,14.0,9.3,11.9,9.0,43,2.9,2.9,9.2,35.6,91,687.0,9.24,2.09
2024-09-20,19.0,5.0,13.2,11.0,47,0.0,0.0,8.3,23.0,39,687.8,21.11,3.73
2024-09-21,21.4,10.6,16.4,13.5,26,0.0,0.0,7.3,33.1,3,688.5,24.39,4.62
2024-09-22,23.8,9.5,17.4,14.0,20,0.0,0.0,9.5,38.5,0,688.3,24.25,4.94
2024-09-23,24.0,11.0,17.4,13.6,14,0.0,0.0,9.2,37.8,0,688.4,24.64,5.09
2024-09-24,24.0,11.1,17.2,13.3,13,0.0,0.0,9.1,38.5,1,687.4,24.6,5.18
2024-09-25,23.1,8.9,16.7,12.7,10,0.0,0.0,9.3,33.8,1,685.6,24.46,5.03
2024-09-26,22.2,11.5,17.1,13.8,16,0.0,0.0,10.3,38.2,8,684.4,23.83,4.61
2024-09-27,20.5,11.5,14.8,11.8,31,0.0,0.0,14.7,48.6,61,683.0,19.28,3.81
2024-09-28,15.9,5.0,11.8,8.9,35,0.0,0.0,5.7,28.8,36,683.3,21.85,3.71
2024-09-29,18.1,8.6,13.8,10.5,20,0.0,0.0,11.4,37.8,2,686.6,23.36,4.16
2024-09-30,19.3,10.7,15.2,11.6,12,0.0,0.0,5.0,25.6,1,686.9,23.47,4.19
2024-10-01,19.6,10.9,14.9,11.2,12,0.0,0.0,9.8,42.8,0,684.6,23.19,4.36
2024-10-02,18.9,10.4,14.2,10.6,13,0.0,0.0,6.0,28.1,0,683.8,23.11,4.14
2024-10-03,17.1,8.4,13.0,9.6,17,0.0,0.0,6.4,34.6,1,683.5,22.99,3.96
2024-10-04,16.4,8.6,12.3,8.6,19,0.0,0.0,7.5,33.8,14,682.8,22.53,4.12
2024-10-05,14.6,7.8,11.2,7.8,25,0.0,0.0,6.6,34.6,28,683.1,20.31,3.53
2024-10-06,14.1,7.6,10.5,6.8,30,0.0,0.0,9.2,37.1,62,685.3,15.63,2.93
2024-10-07,16.1,5.3,11.5,7.9,21,0.0,0.0,7.8,32.0,13,687.4,22.01,3.76
2024-10-08,15.5,7.0,11.3,7.6,23,0.0,0.0,9.3,36.0,73,685.7,16.59,3.09
2024-10-09,10.6,5.1,7.7,4.2,30,0.0,0.0,8.6,31.0,34,682.7,18.26,2.96
2024-10-10,10.9,2.5,6.9,3.5,27,0.0,0.0,4.7,25.6,11,682.2,21.52,3.25
2024-10-11,12.3,4.1,8.2,4.6,21,0.0,0.0,6.1,29.2,2,683.5,21.48,3.34
2024-10-12,13.5,4.2,8.9,5.0,15,0.0,0.0,6.3,26.6,0,684.1,21.71,3.51
2024-10-13,14.4,4.8,10.0,6.1,11,0.0,0.0,6.2,28.4,4,684.2,21.27,3.47
2024-10-14,13.4,4.9,8.8,4.3,12,0.0,0.0,14.4,40.7,2,683.2,21.29,3.77
2024-10-15,13.2,4.8,9.3,5.5,14,0.0,0.0,5.9,28.8,0,684.3,21.08,3.31
2024-10-16,15.1,4.9,9.7,5.2,16,0.0,0.0,15.5,56.2,22,681.6,20.12,3.95
2024-10-17,11.4,3.1,7.0,3.2,29,0.1,0.0,11.4,41.0,33,682.3,19.23,3.12
2024-10-18,10.1,2.1,5.7,2.5,46,0.2,0.0,6.1,33.1,21,682.3,17.69,2.63
2024-10-19,12.1,2.0,7.0,3.2,26,0.0,0.0,9.6,38.9,12,683.7,20.01,3.12
2024-10-20,12.0,1.6,7.4,3.4,17,0.0,0.0,7.1,32.0,0,683.8,20.28,3.2
2024-10-21,12.9,3.3,8.2,4.1,16,0.0,0.0,7.1,32.8,0,683.5,20.05,3.3
2024-10-22,12.0,3.6,7.9,4.0,18,0.0,0.0,7.2,27.7,4,683.8,19.71,3.11
2024-10-23,10.7,4.4,6.9,3.4,27,0.0,0.0,5.1,31.0,20,683.8,17.54,2.62
2024-10-24,10.2,2.7,5.9,2.3,30,0.0,0.0,4.3,25.6,20,683.6,17.93,2.65
2024-10-25,10.4,0.9,6.2,2.6,28,0.0,0.0,4.7,27.7,24,684.6,18.57,2.73
2024-10-26,13.1,5.9,9.2,5.5,18,0.0,0.0,4.6,23.8,2,685.9,18.98,3.01
2024-10-27,15.4,7.5,11.1,7.5,15,0.0,0.0,4.6,22.3,35,685.8,18.55,2.95
2024-10-28,16.5,5.1,10.6,6.0,19,0.0,0.0,17.1,65.2,32,681.7,17.18,3.63
2024-10-29,11.0,2.7,6.3,2.1,36,0.0,0.0,11.0,38.9,67,679.7,12.86,2.51
2024-10-30,9.5,-0.1,4.4,0.5,43,0.0,0.0,9.4,34.2,35,681.2,15.49,2.45
2024-10-31,10.1,1.2,5.4,1.7,30,0.0,0.0,6.7,28.8,8,684.7,18.08,2.64
2024-11-01,12.1,3.5,7.5,3.6,14,0.0,0.0,5.9,24.8,40,686.0,17.78,2.71
2024-11-02,13.0,5.4,9.0,5.0,11,0.0,0.0,5.6,27.4,40,686.0,17.58,2.79
2024-11-03,12.0,6.5,8.7,5.0,17,0.0,0.0,3.9,22.7,36,686.0,17.43,2.6
2024-11-04,10.7,3.8,6.9,3.2,25,0.0,0.0,8.6,35.3,7,684.9,17.38,2.57
2024-11-05,11.0,3.1,7.0,3.3,24,0.0,0.0,5.3,27.7,1,686.4,17.35,2.54
2024-11-06,12.7,5.2,8.7,4.9,20,0.0,0.0,5.1,26.3,9,688.1,17.05,2.61
2024-11-07,13.3,6.5,9.5,5.4,14,0.0,0.0,7.0,21.6,14,686.3,17.05,2.88
2024-11-08,13.6,6.1,9.1,4.7,16,0.0,0.0,10.5,34.9,34,684.5,16.86,3.08
2024-11-09,11.2,3.4,7.1,2.7,23,0.0,0.0,11.0,34.6,8,683.2,16.52,2.89
2024-11-10,8.3,2.8,5.2,1.4,30,0.0,0.0,7.5,32.8,30,682.7,15.8,2.35
2024-11-11,5.6,1.0,2.8,-1.0,34,0.0,0.0,7.0,27.4,74,679.9,12.79,1.82
2024-11-12,5.9,-1.2,1.6,-2.2,33,0.0,0.0,7.3,29.9,46,680.0,14.68,1.9
2024-11-13,6.8,-1.2,2.3,-1.7,32,0.0,0.0,10.4,31.7,51,678.0,14.26,1.98
2024-11-14,8.9,-1.6,2.3,-2.4,28,0.0,0.0,21.0,67.0,25,678.0,14.67,2.36
2024-11-15,8.8,-1.5,2.2,-2.7,24,0.0,0.0,19.5,65.2,65,677.0,15.0,2.53
2024-11-16,3.1,-3.2,-0.5,-4.6,29,0.0,0.0,7.2,28.8,54,675.0,12.7,1.65
2024-11-17,4.0,-4.2,-0.7,-4.8,30,0.0,0.0,8.3,32.4,12,676.3,15.38,1.92
2024-11-18,4.7,-3.6,-0.0,-4.2,22,0.0,0.0,8.3,32.0,27,677.5,15.15,1.93
2024-11-19,4.2,-3.3,-0.3,-4.2,21,0.0,0.0,4.3,24.5,4,678.4,15.43,1.86
2024-11-20,5.4,-3.8,0.1,-3.8,20,0.0,0.0,6.7,31.0,0,678.2,15.33,1.92
2024-11-21,5.2,-3.4,0.3,-3.7,24,0.0,0.0,4.5,26.6,9,676.7,14.46,1.85
2024-11-22,4.4,-4.4,-0.6,-4.9,36,0.0,0.0,10.3,38.2,56,675.5,12.8,1.7
2024-11-23,1.6,-5.0,-1.9,-5.9,50,0.0,0.0,8.8,34.6,76,675.0,11.44,1.38
2024-11-24,2.0,-4.9,-2.0,-6.0,43,0.3,0.0,10.2,34.6,42,675.9,12.58,1.48
2024-11-25,2.8,-6.4,-2.2,-6.2,27,0.0,0.0,8.1,32.4,5,675.4,14.69,1.69
2024-11-26,1.5,-6.4,-2.8,-6.8,27,0.0,0.0,5.6,27.4,36,675.4,13.86,1.55
2024-11-27,0.7,-7.7,-3.7,-7.6,33,0.0,0.0,5.5,28.8,2,675.7,14.45,1.55
2024-11-28,2.1,-8.3,-3.7,-7.9,24,0.0,0.0,5.8,28.1,19,677.7,14.71,1.66
2024-11-29,3.8,-5.3,-1.2,-5.3,15,0.0,0.0,3.9,23.8,59,677.9,14.22,1.68
2024-11-30,4.1,-4.1,-0.7,-4.9,28,0.0,0.0,8.4,29.5,61,675.6,10.07,1.38
2024-12-01,1.6,-6.6,-2.7,-7.0,35,0.0,0.0,7.9,29.9,13,673.0,13.51,1.62
2024-12-02,2.2,-7.9,-3.1,-8.0,27,0.0,0.0,14.1,39.6,12,671.7,13.65,1.82
2024-12-03,3.1,-7.4,-3.0,-7.9,31,0.0,0.0,15.5,50.0,45,673.6,12.35,1.76
2024-12-04,2.1,-9.2,-3.5,-8.2,27,0.0,0.0,11.4,37.1,7,674.1,13.91,1.73
2024-12-05,3.9,-9.3,-3.2,-8.3,18,0.0,0.0,13.9,43.6,2,671.2,13.95,2.01
2024-12-06,1.3,-9.6,-4.6,-9.9,18,0.0,0.0,14.4,42.8,0,669.2,14.01,1.92
2024-12-07,0.2,-7.8,-4.4,-9.2,19,0.0,0.0,9.9,38.9,77,667.5,10.65,1.54
2024-12-08,-5.4,-11.2,-8.2,-12.8,34,0.5,0.0,9.6,29.5,69,665.7,8.85,0.99
2024-12-09,-5.9,-15.5,-11.0,-15.4,42,0.3,0.0,10.8,35.3,54,665.6,11.19,1.01
2024-12-10,-4.3,-18.2,-11.1,-15.9,46,0.0,0.0,10.6,32.8,65,666.3,12.0,1.11
2024-12-11,-2.2,-11.5,-7.9,-13.1,51,0.0,0.0,14.9,47.5,58,666.2,10.83,1.2
2024-12-12,-2.9,-12.4,-8.5,-13.3,48,0.3,0.0,10.5,37.4,59,664.2,11.37,1.21
2024-12-13,-5.8,-16.0,-11.5,-15.7,40,0.0,0.0,5.2,33.1,25,671.5,13.56,1.13
2024-12-14,-1.1,-13.3,-8.3,-12.6,31,0.0,0.0,6.6,29.5,36,674.9,12.49,1.26
2024-12-15,4.1,-10.4,-4.2,-9.0,34,0.0,0.0,10.7,36.7,78,674.3,12.56,1.76
2024-12-16,3.8,-7.0,-2.1,-7.5,26,0.0,0.0,15.0,52.2,53,672.1,12.9,2.04
2024-12-17,3.5,-8.3,-3.6,-8.8,19,0.0,0.0,16.5,54.4,2,670.4,13.4,1.96
2024-12-18,2.8,-11.4,-5.0,-10.3,21,0.0,0.0,17.3,41.0,82,671.4,10.27,1.7
2024-12-19,1.2,-10.0,-5.3,-10.4,15,0.0,0.0,12.1,29.9,24,669.9,13.59,1.81
2024-12-20,-1.2,-10.6,-6.8,-11.1,15,0.0,0.0,3.9,20.5,0,670.0,13.67,1.42
2024-12-21,-2.1,-11.7,-7.1,-11.4,17,0.0,0.0,4.7,25.2,37,670.4,13.49,1.35
2024-12-22,0.3,-9.1,-5.1,-10.0,28,0.0,0.0,11.7,36.0,95,670.7,9.41,1.37
2024-12-23,0.2,-10.7,-6.3,-11.0,41,1.9,0.1,10.4,31.0,98,667.6,7.55,1.09
2024-12-24,-5.2,-13.3,-9.5,-13.6,50,1.2,0.0,5.4,21.2,60,669.0,12.24,1.1
2024-12-25,-5.1,-15.2,-11.5,-15.5,44,0.0,0.0,5.1,25.6,24,671.8,13.77,1.12
2024-12-26,-1.6,-14.6,-9.3,-13.5,29,0.0,0.0,5.3,24.1,6,673.3,13.83,1.37
2024-12-27,2.2,-11.6,-5.2,-9.9,37,1.9,0.0,14.1,30.2,76,671.1,10.17,1.39
2024-12-28,-1.4,-9.9,-5.9,-10.1,62,6.7,0.0,10.1,29.5,98,669.0,8.6,0.96
2024-12-29,-6.8,-15.6,-11.3,-15.2,60,0.0,0.0,4.2,19.1,42,673.0,13.09,1.04
2024-12-30,-6.2,-15.5,-11.4,-15.6,40,0.0,0.0,6.4,18.0,19,673.5,14.16,1.17
2024-12-31,-3.1,-12.5,-8.7,-13.1,46,0.0,0.0,7.1,27.0,61,671.4,13.88,1.28
2025-01-01,-1.9,-11.3,-7.3,-11.6,52,0.0,0.0,7.8,28.4,87,672.6,12.71,1.24
2025-01-02,0.2,-10.7,-5.8,-10.1,53,0.0,0.0,10.4,30.2,77,673.4,11.51,1.22
2025-01-03,1.9,-9.2,-4.5,-8.9,53,0.0,0.0,9.2,28.1,94,675.7,9.91,1.26
2025-01-04,1.4,-7.7,-4.1,-8.5,58,11.4,0.0,13.7,36.0,100,674.1,9.89,1.31
2025-01-05,0.4,-13.0,-6.1,-11.0,53,9.8,0.0,18.3,42.1,86,668.2,12.18,1.45
2025-01-06,-5.3,-15.4,-10.3,-15.8,50,7.1,0.1,17.1,32.8,67,666.0,13.53,1.25
2025-01-07,-9.9,-17.5,-14.9,-19.6,51,0.3,0.0,9.7,21.6,28,668.2,14.7,1.11
2025-01-08,-7.3,-18.5,-14.2,-19.3,35,0.0,0.0,8.9,33.5,0,664.5,14.97,1.2
2025-01-09,-6.3,-18.4,-13.6,-18.8,30,0.0,0.0,9.0,29.5,0,666.5,15.21,1.32
2025-01-10,-5.0,-16.5,-11.9,-17.2,29,0.0,0.0,13.1,24.1,59,670.0,14.84,1.45
2025-01-11,-3.4,-14.1,-10.0,-15.1,39,0.0,0.0,12.4,25.6,93,668.8,13.43,1.42
2025-01-12,-4.9,-15.2,-10.3,-14.8,59,0.1,0.0,9.9,27.7,76,668.4,13.62,1.19
2025-01-13,-7.4,-18.7,-13.8,-18.4,56,0.0,0.0,9.2,20.2,38,670.1,14.75,1.2
2025-01-14,-2.7,-16.5,-11.7,-17.0,33,0.0,0.0,13.9,28.8,49,667.4,14.4,1.51
2025-01-15,-1.0,-18.1,-11.9,-17.6,39,0.0,0.0,16.8,31.3,0,664.7,15.63,1.66
2025-01-16,-3.8,-19.3,-12.4,-18.2,44,1.1,0.0,18.0,40.7,48,662.9,12.33,1.25
2025-01-17,-5.2,-19.8,-13.6,-19.1,39,0.0,0.0,15.2,27.7,36,667.9,15.67,1.43
2025-01-18,-2.5,-13.7,-8.8,-14.3,49,0.0,0.0,15.3,32.8,85,668.9,12.57,1.43
2025-01-19,0.4,-12.4,-7.7,-13.3,53,3.5,0.0,18.1,40.0,62,668.4,13.53,1.64
2025-01-20,-0.2,-14.3,-8.5,-14.0,49,0.0,0.0,17.4,43.6,27,666.6,15.51,1.67
2025-01-21,-0.6,-15.8,-9.6,-15.1,51,0.6,0.0,17.3,36.4,15,664.3,15.99,1.73
2025-01-22,-1.0,-16.4,-10.2,-15.6,47,1.0,0.1,15.3,35.3,36,663.6,15.89,1.71
2025-01-23,-4.4,-15.3,-10.7,-15.7,44,0.0,0.0,12.9,32.4,42,665.9,15.47,1.48
2025-01-24,-4.8,-17.9,-12.8,-17.7,39,0.0,0.0,10.8,37.4,21,667.6,15.91,1.37
2025-01-25,-2.7,-19.5,-12.4,-17.5,31,0.0,0.0,11.2,32.0,0,669.0,17.07,1.68
2025-01-26,-0.4,-14.6,-9.2,-14.1,28,0.0,0.0,10.0,32.0,0,669.1,17.07,1.88
2025-01-27,0.8,-15.2,-8.6,-13.5,30,0.0,0.0,9.0,29.2,0,666.9,17.15,1.95
2025-01-28,1.6,-15.3,-7.4,-12.5,27,0.0,0.0,12.7,34.6,29,668.1,17.07,2.03
2025-01-29,-1.7,-11.5,-6.7,-12.0,52,3.6,0.1,16.4,36.4,88,666.3,12.61,1.44
2025-01-30,-4.6,-14.9,-9.7,-14.4,51,0.5,0.0,10.8,30.2,58,663.3,15.48,1.41
2025-01-31,-3.0,-16.9,-11.2,-16.6,49,0.0,0.0,14.6,37.4,46,660.4,16.12,1.51
2025-02-01,-2.2,-15.9,-10.6,-15.8,48,0.0,0.0,15.1,36.4,66,662.5,16.76,1.69
2025-02-02,-2.3,-17.4,-11.6,-16.8,43,0.0,0.0,13.5,36.7,26,664.4,17.86,1.75
2025-02-03,3.4,-16.1,-7.6,-12.5,33,0.0,0.0,12.1,39.2,15,666.2,18.35,2.17
2025-02-04,1.5,-12.1,-6.4,-11.1,43,11.6,0.0,14.7,45.7,55,664.3,16.83,1.91
2025-02-05,-4.1,-14.9,-8.7,-13.6,50,8.5,0.0,14.4,34.2,95,663.5,13.28,1.42
2025-02-06,-7.9,-19.6,-14.6,-19.7,37,1.9,0.0,10.9,31.0,40,664.5,18.09,1.37
2025-02-07,-8.3,-21.7,-15.4,-20.2,37,0.0,0.0,9.3,24.1,44,667.6,18.86,1.45
2025-02-08,-4.3,-17.3,-11.0,-15.7,40,0.0,0.0,9.3,25.9,74,668.6,18.46,1.67
2025-02-09,-4.1,-12.5,-8.6,-13.1,51,0.0,0.0,9.1,25.6,63,669.9,17.51,1.68
2025-02-10,-3.6,-12.7,-8.8,-13.4,51,0.3,0.0,9.7,24.5,95,668.8,15.48,1.58
2025-02-11,-4.1,-15.1,-10.3,-14.9,48,0.3,0.0,10.6,31.0,81,666.9,17.07,1.59
2025-02-12,-5.6,-14.2,-10.4,-15.0,52,1.1,0.0,10.1,32.0,85,666.2,17.64,1.45
2025-02-13,-7.3,-18.4,-13.7,-18.2,49,0.0,0.0,8.1,27.7,24,665.7,19.85,1.52
2025-02-14,-5.1,-18.8,-12.4,-17.1,43,0.0,0.0,9.2,27.4,32,665.0,19.99,1.73
2025-02-15,-2.7,-13.1,-8.2,-12.9,49,0.8,0.0,9.2,35.3,79,665.2,15.18,1.56
2025-02-16,-2.8,-14.0,-9.0,-13.8,49,0.4,0.0,14.7,33.1,62,666.3,18.95,1.75
2025-02-17,-5.1,-15.8,-10.8,-15.5,50,0.0,0.0,11.2,31.3,27,668.1,20.16,1.66
2025-02-18,-5.8,-16.1,-11.6,-16.0,45,0.0,0.0,9.3,25.2,47,669.7,20.51,1.84
2025-02-19,-3.9,-15.2,-10.1,-14.7,42,0.0,0.0,11.5,24.5,73,667.7,20.65,2.06
2025-02-20,-2.1,-11.5,-7.1,-12.3,48,1.8,0.0,14.7,36.4,98,665.8,16.9,1.82
2025-02-21,-4.6,-12.8,-9.1,-13.4,48,0.6,0.0,9.3,26.3,67,670.3,20.0,1.9
2025-02-22,-4.0,-13.4,-9.1,-13.6,47,0.2,0.0,9.4,22.3,85,670.3,19.1,1.91
2025-02-23,-5.6,-14.3,-10.4,-14.5,54,0.2,0.0,9.2,20.2,58,672.5,20.69,1.9
2025-02-24,-4.5,-13.8,-10.1,-14.2,46,0.0,0.0,8.5,19.1,27,674.3,21.05,2.05
2025-02-25,0.0,-14.7,-6.6,-11.0,42,0.0,0.0,9.0,24.5,73,675.5,19.7,2.19
2025-02-26,1.3,-8.5,-3.5,-8.3,56,5.0,0.0,14.1,32.0,100,673.4,15.27,1.89
2025-02-27,0.1,-9.0,-3.9,-8.8,58,3.9,0.0,14.1,29.2,99,669.6,14.05,1.71
2025-02-28,0.9,-10.5,-4.0,-8.6,58,15.0,0.0,17.0,49.0,97,663.5,14.1,1.72
2025-03-01,-4.9,-15.3,-10.2,-14.9,47,0.2,0.0,13.4,29.5,33,665.8,23.06,1.96
2025-03-02,-3.8,-17.3,-11.9,-16.6,37,0.0,0.0,10.7,29.5,22,664.4,23.44,2.06
2025-03-03,0.2,-15.0,-7.6,-12.7,46,0.4,0.0,16.1,45.4,85,662.1,17.37,1.98
2025-03-04,-4.1,-14.5,-8.5,-13.4,49,1.6,0.0,15.5,43.6,88,663.4,21.16,1.91
2025-03-05,-6.9,-16.9,-12.9,-17.1,45,0.0,0.0,7.9,27.4,23,669.5,23.67,1.86
2025-03-06,-1.6,-15.2,-8.5,-12.9,38,0.0,0.0,8.5,32.4,60,668.3,21.7,2.25
2025-03-07,-1.5,-15.3,-8.9,-13.2,46,0.0,0.0,8.0,29.9,57,667.4,23.16,2.23
2025-03-08,-4.3,-14.7,-9.8,-13.7,51,0.1,0.0,8.0,20.5,17,669.7,24.45,2.33
2025-03-09,0.6,-13.7,-6.2,-10.4,37,0.0,0.0,8.3,24.5,59,673.2,22.86,2.56
2025-03-10,1.0,-5.5,-2.3,-6.3,59,2.9,0.0,8.6,30.2,99,676.5,17.23,2.03
2025-03-11,0.1,-6.6,-3.2,-6.7,62,1.2,0.0,7.2,25.2,93,676.2,20.74,2.31
2025-03-12,1.4,-7.8,-3.9,-7.9,59,2.5,0.0,9.6,27.7,86,672.0,19.8,2.2
2025-03-13,0.1,-7.0,-3.7,-7.6,53,0.3,0.0,8.7,27.0,98,669.6,20.34,2.23
2025-03-14,0.4,-8.7,-4.7,-8.9,51,1.0,0.0,12.9,25.9,94,670.7,20.3,2.33
2025-03-15,1.5,-8.4,-3.7,-8.5,51,1.7,0.0,14.4,33.1,86,670.0,19.32,2.26
2025-03-16,-3.0,-13.2,-7.9,-12.0,45,0.0,0.0,11.3,23.8,16,670.0,25.48,2.66
2025-03-17,-5.1,-16.2,-11.1,-15.0,48,0.0,0.0,8.8,21.2,0,670.8,26.4,2.36
2025-03-18,-3.6,-16.0,-10.2,-14.4,40,0.0,0.0,8.6,24.5,4,672.0,26.37,2.51
2025-03-19,-1.6,-13.2,-7.6,-11.7,37,0.0,0.0,10.0,20.9,88,672.4,23.23,2.65
2025-03-20,-1.3,-10.8,-6.8,-10.8,46,0.0,0.0,10.1,22.3,52,674.5,25.42,2.75
2025-03-21,-2.9,-10.8,-7.5,-11.1,63,1.1,0.0,8.3,26.3,60,675.4,24.33,2.41
2025-03-22,0.4,-16.0,-8.0,-12.3,37,0.0,0.0,12.1,26.6,0,675.9,27.24,3.06
2025-03-23,-0.3,-14.0,-7.2,-11.1,29,0.0,0.0,7.8,26.3,8,678.6,27.57,3.02
2025-03-24,1.8,-10.4,-3.0,-6.4,37,0.0,0.0,5.6,20.2,47,680.2,26.58,3.22
2025-03-25,4.8,-3.5,1.4,-2.2,53,0.1,0.0,8.9,29.5,97,678.0,21.43,2.88
2025-03-26,5.5,-3.1,0.9,-2.6,53,0.1,0.0,10.2,23.8,65,674.5,23.24,3.24
2025-03-27,5.2,-5.5,0.3,-3.9,47,3.3,0.1,14.8,43.9,59,672.5,24.97,3.33
2025-03-28,4.4,-9.7,-2.7,-7.2,41,6.8,0.0,16.1,46.4,29,667.0,27.4,3.6
2025-03-29,3.1,-13.2,-4.6,-9.3,33,0.0,0.0,12.8,34.9,47,670.4,28.08,3.44
2025-03-30,2.8,-9.1,-2.9,-7.5,38,0.0,0.0,14.1,28.8,16,672.6,28.05,3.45
2025-03-31,2.3,-9.7,-3.4,-7.4,39,0.0,0.0,9.7,27.0,7,674.1,28.22,3.37
2025-04-01,2.5,-8.7,-3.7,-7.6,41,0.0,0.0,10.6,23.0,22,675.3,27.44,3.45
2025-04-02,1.9,-10.0,-4.0,-8.1,35,0.0,0.0,11.0,23.8,9,675.4,28.7,3.54
2025-04-03,1.4,-8.7,-3.6,-7.5,39,0.0,0.0,9.7,22.0,47,677.3,28.47,3.38
2025-04-04,2.2,-8.4,-3.3,-7.2,47,0.0,0.0,10.1,27.7,39,677.9,26.5,3.08
2025-04-05,2.7,-8.9,-3.1,-6.7,46,0.0,0.0,9.1,25.2,7,679.2,29.08,3.42
2025-04-06,4.2,-6.0,-0.7,-4.2,41,0.0,0.0,7.5,24.5,28,680.5,28.98,3.71
2025-04-07,5.9,-3.3,1.4,-1.9,40,0.0,0.0,7.5,22.3,61,682.1,28.22,3.89
2025-04-08,6.7,-2.4,2.6,-0.3,48,0.0,0.0,5.5,22.7,41,683.7,28.08,3.8
2025-04-09,7.4,-0.6,2.8,0.4,64,1.4,0.1,6.4,32.4,91,682.4,22.88,3.31
2025-04-10,7.2,-2.6,2.5,-0.5,55,0.1,0.0,5.5,24.8,90,678.1,21.39,3.01
2025-04-11,7.9,-0.8,2.8,-0.4,46,0.5,0.1,7.3,29.2,72,676.4,23.34,3.44
2025-04-12,7.8,-1.8,3.3,0.1,48,0.0,0.0,6.1,31.3,83,677.0,19.54,2.85
2025-04-13,10.3,-1.4,3.5,0.4,42,0.0,0.0,7.8,33.1,8,681.4,28.94,4.16
2025-04-14,12.8,0.2,5.7,2.4,26,0.0,0.0,6.6,27.0,0,683.2,29.42,4.58
2025-04-15,13.4,0.6,6.3,3.1,29,0.3,0.1,8.7,35.6,2,683.4,29.06,4.58
2025-04-16,13.7,1.0,7.5,4.2,20,0.0,0.0,7.4,30.2,51,682.5,29.03,4.66
2025-04-17,12.1,1.9,6.3,3.5,41,0.0,0.0,5.7,37.4,43,682.1,26.53,4.18
2025-04-18,12.3,1.0,6.6,3.3,33,0.0,0.0,7.4,29.9,65,680.6,25.75,4.12
2025-04-19,8.9,1.3,4.9,1.2,46,5.0,0.0,14.4,32.0,95,676.9,18.87,3.03
2025-04-20,4.1,-0.3,1.8,-1.4,64,10.3,0.0,8.1,26.3,90,675.6,22.42,2.99
2025-04-21,8.1,-1.0,2.9,-0.9,45,0.0,0.0,13.9,37.4,60,680.7,25.21,3.61
2025-04-22,7.9,-0.4,3.2,-0.2,36,0.0,0.0,10.5,36.4,43,681.9,27.0,3.91
2025-04-23,8.3,-1.8,3.1,-0.4,36,0.0,0.0,11.2,36.4,47,680.0,29.06,4.13
2025-04-24,8.3,-2.0,2.8,-0.4,37,0.3,0.0,11.3,36.0,60,678.3,27.93,4.03
2025-04-25,5.1,-4.7,0.4,-2.8,50,3.1,0.0,8.3,37.4,44,679.4,28.88,3.6
2025-04-26,8.7,-3.3,2.9,-0.5,31,0.0,0.0,6.4,31.7,66,680.6,27.98,4.13
2025-04-27,11.1,-2.1,4.2,1.1,34,0.0,0.0,9.1,29.9,19,682.2,29.99,4.58
2025-04-28,11.8,-2.2,4.7,1.3,29,0.6,0.0,8.8,32.8,3,683.3,30.8,4.89
2025-04-29,13.0,-1.9,5.7,2.4,27,0.0,0.0,7.1,31.0,3,683.5,31.31,5.08
2025-04-30,14.4,-1.2,6.4,3.2,26,0.0,0.0,8.4,26.6,5,683.7,30.78,5.14
2025-05-01,15.6,0.3,7.6,4.5,22,0.0,0.0,6.8,25.6,10,682.8,31.07,5.18
2025-05-02,16.0,1.2,8.9,5.8,23,0.0,0.0,10.4,33.1,62,682.1,30.28,5.22
2025-05-03,13.4,2.9,7.7,5.0,46,4.3,1.2,7.3,37.1,92,679.8,21.74,3.65
2025-05-04,13.8,0.7,7.2,4.9,57,1.0,0.0,6.6,31.7,77,679.5,27.2,4.31
2025-05-05,15.2,1.6,8.7,6.1,40,0.0,0.0,6.3,33.5,97,680.1,26.74,4.55
2025-05-06,15.9,4.3,9.9,6.7,32,0.0,0.0,7.2,32.8,91,680.2,23.36,4.15
2025-05-07,17.9,3.0,10.6,7.5,21,0.0,0.0,7.4,31.7,63,680.0,31.3,5.42
2025-05-08,17.4,5.0,11.7,8.3,22,0.0,0.0,15.0,52.6,85,681.4,26.1,4.72
2025-05-09,15.2,5.7,9.6,7.3,52,2.6,2.3,5.0,29.2,97,683.3,21.74,3.76
2025-05-10,10.8,3.7,6.9,4.4,65,6.5,2.2,11.3,40.0,88,682.4,18.87,3.02
2025-05-11,12.6,2.1,6.8,4.6,58,1.4,0.7,8.0,37.4,64,680.8,26.32,4.19
2025-05-12,10.4,3.5,6.2,3.6,56,1.2,0.0,8.1,32.8,82,679.7,19.97,3.2
2025-05-13,11.9,1.9,6.8,4.2,51,0.0,0.0,7.1,33.8,51,681.0,27.4,4.32
2025-05-14,13.4,1.0,7.7,4.6,40,0.0,0.0,12.8,47.5,29,681.3,26.96,4.49
2025-05-15,15.2,0.6,7.9,4.9,40,0.5,0.2,10.4,46.1,25,682.5,28.33,4.84
2025-05-16,15.9,0.9,8.9,5.5,32,0.0,0.0,13.9,52.2,39,682.5,27.89,4.85
2025-05-17,17.2,2.5,10.2,7.3,35,0.0,0.0,11.3,31.3,61,682.9,28.52,5.08
2025-05-18,19.0,3.2,11.4,8.1,25,0.0,0.0,10.8,45.4,14,683.3,30.69,5.63
2025-05-19,14.6,4.9,9.6,6.3,34,0.4,0.3,12.5,49.0,45,682.5,22.93,4.06
2025-05-20,17.2,2.5,10.1,7.4,33,0.0,0.0,6.7,34.2,15,682.8,30.93,5.29
2025-05-21,17.6,2.2,10.6,7.3,26,0.2,0.2,8.2,39.2,22,683.0,29.67,5.34
2025-05-22,18.9,2.0,11.1,7.8,22,0.0,0.0,8.4,35.3,1,684.2,32.36,5.82
2025-05-23,19.5,2.9,11.9,8.3,23,0.0,0.0,11.2,43.6,44,682.5,26.89,5.15
2025-05-24,19.0,5.0,13.0,9.8,23,0.0,0.0,9.3,37.8,80,681.2,27.56,5.13
2025-05-25,17.9,7.0,11.8,9.0,38,0.7,0.7,8.5,33.8,58,682.7,24.79,4.57
2025-05-26,21.2,4.3,13.2,10.0,24,0.0,0.0,10.6,44.3,1,682.6,32.43,6.0
2025-05-27,21.7,6.1,14.3,11.3,21,0.0,0.0,10.9,37.8,36,680.8,29.62,5.63
2025-05-28,15.7,7.7,12.1,9.3,37,1.0,0.8,10.5,43.9,56,680.0,25.07,4.56
2025-05-29,15.5,3.6,10.3,7.5,39,2.1,1.9,9.8,39.6,33,678.3,28.62,4.89
2025-05-30,14.7,4.5,10.0,7.1,35,0.1,0.1,9.6,38.5,58,677.2,26.86,4.68
2025-05-31,12.4,3.0,7.1,4.0,43,0.7,0.1,9.8,35.3,72,677.3,17.85,3.06
2025-06-01,12.4,2.3,7.2,4.4,44,0.2,0.1,7.7,37.4,88,676.9,25.43,4.17
2025-06-02,10.9,2.1,5.6,2.9,60,1.4,0.5,9.0,38.5,94,675.9,19.27,3.03
2025-06-03,12.4,1.1,5.3,2.7,63,5.5,0.6,8.6,37.4,98,675.8,21.65,3.46
2025-06-04,10.8,1.0,5.2,2.7,64,2.9,0.2,8.1,34.9,84,677.1,23.84,3.71
2025-06-05,12.8,0.2,5.9,3.6,63,4.1,1.2,12.6,34.6,62,680.8,28.21,4.44
2025-06-06,16.9,0.9,8.8,5.5,28,0.0,0.0,9.7,40.3,0,684.7,33.18,5.65
2025-06-07,20.2,2.6,12.3,9.2,21,0.0,0.0,5.7,32.0,3,685.2,33.33,5.97
2025-06-08,21.7,5.5,14.0,11.1,22,0.0,0.0,12.0,43.9,4,685.1,31.49,5.92
2025-06-09,23.3,7.8,15.8,13.1,22,0.0,0.0,8.9,37.8,14,685.2,32.25,6.16
2025-06-10,24.2,9.2,16.6,14.0,21,0.0,0.0,15.9,53.3,4,685.1,31.96,6.16
2025-06-11,23.0,10.4,16.7,13.9,19,0.0,0.0,9.3,37.4,14,686.3,31.19,5.98
2025-06-12,24.1,10.1,17.3,14.5,17,0.0,0.0,8.0,34.2,4,685.8,32.05,6.08
2025-06-13,23.0,10.9,17.2,14.4,19,0.0,0.0,8.1,35.3,32,685.7,29.0,5.66
2025-06-14,23.1,10.9,16.9,14.2,24,0.0,0.0,12.3,42.5,35,683.7,27.5,5.49
2025-06-15,22.1,10.1,16.0,13.2,27,0.2,0.2,11.5,44.6,65,682.8,24.08,4.94
2025-06-16,20.8,9.3,14.3,12.2,49,5.9,5.9,14.3,49.7,83,682.2,22.69,4.53
2025-06-17,14.7,7.6,11.0,9.3,68,7.5,7.5,7.4,31.7,99,681.8,13.6,2.58
2025-06-18,20.6,6.2,13.1,11.1,56,0.3,0.3,10.1,41.8,51,681.9,25.71,4.81
2025-06-19,23.8,6.1,15.2,12.6,32,0.0,0.0,8.7,36.0,0,681.9,32.71,6.42
2025-06-20,26.3,7.7,17.4,14.2,17,0.0,0.0,9.4,39.6,0,682.9,33.0,6.59
2025-06-21,27.0,10.7,19.2,16.6,18,0.0,0.0,11.2,42.5,8,683.7,32.37,6.47
2025-06-22,25.1,12.5,19.2,17.0,30,0.0,0.0,14.8,51.8,28,683.3,27.08,5.72
2025-06-23,25.8,13.1,18.9,17.1,38,0.0,0.0,9.7,40.7,28,682.9,27.6,5.65
2025-06-24,29.0,11.9,20.8,18.4,23,0.0,0.0,9.4,39.2,0,682.3,32.15,6.58
2025-06-25,28.9,13.6,21.6,18.7,19,0.0,0.0,14.9,51.8,55,683.4,31.21,6.71
2025-06-26,28.2,14.3,21.4,19.2,24,0.0,0.0,13.4,50.0,62,685.2,30.11,6.46
2025-06-27,27.5,13.9,20.0,18.4,37,0.1,0.1,14.7,62.3,46,684.6,27.62,6.01
2025-06-28,26.6,12.2,19.3,17.6,38,0.0,0.0,9.6,41.8,27,683.4,29.03,5.92
2025-06-29,25.9,13.3,19.9,17.6,29,0.0,0.0,16.7,56.2,40,680.8,29.41,6.29
2025-06-30,26.9,12.7,19.7,17.0,28,0.0,0.0,17.8,59.8,15,680.5,29.39,6.5
2025-07-01,26.5,12.0,19.8,17.3,24,0.0,0.0,11.0,41.8,1,682.6,31.5,6.42
2025-07-02,27.3,12.8,20.2,17.7,23,0.0,0.0,14.0,51.8,17,682.7,28.03,5.89
2025-07-03,28.0,13.3,20.6,17.9,24,0.0,0.0,12.4,49.0,20,683.8,28.44,6.14
2025-07-04,29.0,9.2,20.3,17.0,14,0.0,0.0,10.0,43.6,0,684.2,32.71,6.86
2025-07-05,28.5,9.7,20.3,16.9,11,0.0,0.0,7.9,35.6,0,684.5,32.71,6.77
2025-07-06,30.8,11.1,22.0,18.6,11,0.0,0.0,11.4,44.3,0,682.3,32.26,6.95
2025-07-07,29.1,13.9,22.4,19.6,20,0.0,0.0,13.2,45.0,30,682.6,29.17,6.47
2025-07-08,25.4,14.9,19.0,17.4,41,2.1,2.1,13.7,49.7,82,683.1,22.58,4.86
2025-07-09,23.1,11.0,15.7,14.2,56,2.3,2.3,16.0,51.8,86,682.5,19.11,3.91
2025-07-10,20.4,10.9,14.4,13.2,60,5.5,5.5,17.2,49.7,84,682.2,21.25,4.13
2025-07-11,21.3,8.8,15.0,13.1,45,0.0,0.0,9.6,40.3,38,682.3,24.24,4.66
2025-07-12,20.8,11.1,16.3,13.7,33,0.0,0.0,10.7,42.8,74,684.0,23.42,4.69
2025-07-13,18.1,12.5,14.9,13.0,51,1.9,1.9,10.6,39.2,83,684.5,16.28,3.27
2025-07-14,21.5,9.5,14.7,13.2,53,0.2,0.2,9.4,36.7,71,683.4,21.89,4.29
2025-07-15,21.7,11.8,15.4,14.4,61,2.3,2.3,7.4,41.0,78,683.3,21.07,4.21
2025-07-16,25.4,9.5,17.3,16.3,52,0.0,0.0,12.4,45.4,59,683.1,26.33,5.33
2025-07-17,25.5,12.3,18.6,17.6,51,0.1,0.1,16.3,57.6,68,684.9,25.8,5.48
2025-07-18,23.0,12.4,17.7,16.8,54,0.2,0.2,14.3,45.7,76,685.2,22.77,4.62
2025-07-19,23.3,13.0,16.9,16.3,63,8.5,8.5,15.3,49.3,87,685.0,17.65,3.7
2025-07-20,25.7,12.9,18.8,18.2,55,1.0,1.0,10.6,44.6,62,684.0,23.25,4.86
2025-07-21,25.7,13.9,19.7,18.8,49,0.3,0.3,14.8,41.4,65,683.6,23.43,4.99
2025-07-22,21.2,12.8,16.3,15.7,66,6.3,6.3,7.2,36.0,83,682.4,17.15,3.5
2025-07-23,21.1,12.2,15.5,14.7,68,5.2,5.2,12.2,43.6,85,680.5,17.06,3.52
2025-07-24,21.7,11.8,16.3,15.4,58,0.1,0.1,14.3,49.0,68,680.4,22.62,4.5
2025-07-25,22.0,10.8,16.3,15.4,57,0.1,0.1,14.2,46.4,46,681.1,23.83,4.7
2025-07-26,24.4,10.7,17.6,16.4,49,0.0,0.0,9.1,37.4,46,682.5,25.55,5.09
2025-07-27,25.0,12.6,17.9,16.9,48,0.4,0.4,10.7,50.0,53,682.8,25.89,5.17
2025-07-28,25.9,12.1,19.3,18.1,43,0.0,0.0,11.2,42.8,21,681.9,27.07,5.56
2025-07-29,26.9,12.7,20.6,19.2,39,0.0,0.0,10.6,42.1,62,681.8,25.7,5.5
2025-07-30,24.3,13.0,18.3,17.0,49,0.2,0.2,18.3,56.9,46,682.6,23.66,4.96
2025-07-31,24.4,10.4,17.4,15.9,47,0.0,0.0,12.6,47.9,49,682.7,22.99,4.7
2025-08-01,20.5,12.9,16.5,14.6,44,0.4,0.4,6.5,29.9,80,682.7,11.91,2.63
2025-08-02,17.3,12.2,14.4,12.9,58,2.9,2.9,6.8,27.4,91,682.9,12.82,2.58
2025-08-03,22.6,11.5,16.4,15.0,50,1.3,1.3,7.7,37.1,58,684.0,23.7,4.61
2025-08-04,22.8,13.0,17.8,16.2,41,0.0,0.0,8.6,40.3,58,684.4,24.52,4.83
2025-08-05,23.4,11.9,18.1,16.0,33,0.0,0.0,12.2,46.8,22,683.2,27.34,5.41
2025-08-06,23.7,11.3,17.7,15.3,32,0.0,0.0,15.4,54.0,27,683.8,26.5,5.42
2025-08-07,23.0,10.1,17.1,15.2,40,0.0,0.0,10.2,41.8,32,683.9,24.61,4.89
2025-08-08,24.9,11.9,18.9,17.0,32,0.0,0.0,10.1,46.8,17,684.8,27.34,5.42
2025-08-09,26.1,12.9,19.8,17.9,32,0.0,0.0,14.1,50.4,35,687.2,25.57,5.24
2025-08-10,27.8,13.8,21.2,19.3,31,0.0,0.0,12.2,45.7,24,686.6,27.04,5.86
2025-08-11,30.3,14.3,22.4,20.8,35,0.1,0.1,16.2,56.9,58,685.9,27.38,6.27
2025-08-12,29.9,15.8,22.6,20.9,33,0.0,0.0,8.2,44.6,99,685.3,21.97,5.03
2025-08-13,30.6,15.4,22.6,21.2,36,0.0,0.0,15.1,53.6,45,685.5,24.93,5.65
2025-08-14,28.3,15.2,20.3,19.4,48,0.4,0.4,16.6,60.1,53,686.5,23.64,5.2
2025-08-15,23.6,14.0,17.6,16.8,57,0.3,0.3,11.6,50.4,82,685.4,19.35,4.04
2025-08-16,24.0,12.0,17.7,16.3,46,0.2,0.2,9.6,40.0,30,684.4,24.29,4.82
2025-08-17,26.7,12.3,19.1,16.8,29,0.0,0.0,16.0,51.8,24,684.8,26.28,5.5
2025-08-18,23.8,12.4,17.1,15.2,41,0.0,0.0,15.2,50.8,68,685.6,21.4,4.42
2025-08-19,20.5,9.1,14.5,12.6,45,0.0,0.0,7.8,37.1,53,684.5,23.4,4.39
2025-08-20,20.1,8.7,14.4,12.2,46,2.1,2.1,7.8,34.9,54,684.1,18.38,3.57
2025-08-21,24.7,8.8,17.3,14.8,27,0.0,0.0,9.7,42.1,6,684.3,27.65,5.42
2025-08-22,26.1,10.7,18.8,15.6,17,0.0,0.0,12.3,48.2,1,682.8,28.58,5.75
2025-08-23,26.8,12.1,19.6,16.6,16,0.0,0.0,11.1,42.5,30,681.6,28.28,5.82
2025-08-24,16.9,9.9,11.9,10.5,70,12.8,12.8,7.1,37.8,94,682.2,4.89,1.16
2025-08-25,9.7,7.8,8.8,7.3,85,19.9,19.9,6.5,26.6,100,683.1,4.97,1.01
2025-08-26,7.9,5.9,6.6,5.0,95,26.4,26.4,7.7,27.4,100,684.0,3.95,0.75
2025-08-27,11.1,6.0,8.4,7.2,89,5.0,5.0,5.8,24.5,97,685.3,7.11,1.35
2025-08-28,19.3,6.3,11.8,10.0,56,0.0,0.0,10.1,34.9,47,684.2,21.67,4.02
2025-08-29,21.2,6.3,13.1,10.7,38,0.0,0.0,10.1,31.0,4,683.9,26.95,5.07
2025-08-30,23.1,8.1,15.3,13.0,29,0.0,0.0,5.9,29.2,24,684.4,27.32,5.14
2025-08-31,16.5,12.4,14.5,11.9,39,0.8,0.8,12.9,39.6,100,682.7,12.33,2.68
2025-09-01,14.5,9.4,11.8,10.3,69,5.6,5.6,7.2,32.0,100,680.9,11.37,2.17
2025-09-02,13.1,6.7,9.2,7.6,77,8.7,8.7,6.1,25.9,96,681.4,7.73,1.48
2025-09-03,14.8,6.2,9.7,7.5,66,3.2,3.2,6.5,26.6,79,682.5,12.03,2.22
2025-09-04,17.6,6.5,11.6,9.5,53,0.3,0.3,6.6,32.4,55,684.7,21.11,3.77
2025-09-05,19.6,7.9,13.3,11.0,39,0.0,0.0,7.7,34.2,19,684.8,24.22,4.44
2025-09-06,20.9,8.9,14.8,12.4,35,0.0,0.0,8.5,37.1,23,685.5,24.26,4.53
2025-09-07,17.5,10.1,13.1,11.4,60,2.9,2.9,10.6,38.5,95,685.5,15.46,2.95
2025-09-08,16.9,9.5,11.6,10.0,70,6.4,6.4,12.3,44.6,95,685.3,14.76,2.74
2025-09-09,17.3,8.8,11.6,10.2,70,8.6,8.6,11.8,43.6,83,686.3,17.01,3.15
2025-09-10,18.7,6.7,12.4,10.6,56,0.0,0.0,5.2,29.5,40,685.3,21.04,3.8
2025-09-11,23.1,6.8,14.5,11.9,34,0.0,0.0,8.9,37.1,1,684.0,26.25,4.93
2025-09-12,23.0,8.0,15.1,12.4,29,0.0,0.0,8.2,35.6,0,684.8,26.07,4.88
2025-09-13,23.1,9.1,15.4,12.9,29,0.0,0.0,9.2,36.7,5,685.1,25.66,4.84
2025-09-14,21.9,10.6,15.6,13.2,30,0.0,0.0,7.8,34.6,11,685.3,24.02,4.48
2025-09-15,21.4,9.7,15.1,12.7,31,0.0,0.0,10.8,34.2,7,683.7,24.85,4.64
2025-09-16,23.1,8.9,14.7,12.0,33,0.0,0.0,16.8,48.2,23,682.8,23.73,4.62
2025-09-17,19.7,7.0,13.1,10.7,34,0.0,0.0,4.6,23.8,2,683.6,25.11,4.41
2025-09-18,18.9,8.2,13.5,10.8,30,0.0,0.0,7.8,27.7,18,682.5,23.4,4.14
2025-09-19,16.3,6.8,11.1,8.5,40,0.0,0.0,9.4,38.9,30,682.8,21.17,3.66
2025-09-20,17.4,5.1,11.0,8.1,29,0.0,0.0,6.0,31.3,5,682.8,24.08,4.16
2025-09-21,19.2,5.8,12.2,9.2,25,0.0,0.0,4.7,29.2,0,683.6,24.9,4.34
2025-09-22,21.3,7.4,14.0,10.9,20,0.0,0.0,4.7,27.4,0,684.3,24.77,4.46
2025-09-23,21.4,8.2,14.3,11.2,21,0.0,0.0,7.0,33.5,0,683.5,24.59,4.52
2025-09-24,20.3,7.0,13.2,10.3,26,0.0,0.0,9.5,40.0,9,682.1,23.85,4.25
2025-09-25,20.2,6.5,13.1,10.1,24,0.0,0.0,6.1,36.7,4,682.4,23.72,4.21
2025-09-26,19.1,6.0,12.2,9.3,27,0.0,0.0,6.1,31.7,5,684.2,23.5,4.07
2025-09-27,19.7,6.2,12.4,9.2,22,0.0,0.0,9.0,32.0,8,686.7,23.59,4.16
2025-09-28,19.3,6.9,12.9,9.8,22,0.0,0.0,3.8,24.8,0,685.9,23.76,4.08
2025-09-29,20.5,6.9,13.3,9.3,20,0.0,0.0,21.6,65.9,0,682.7,23.38,4.71
2025-09-30,17.2,5.1,11.0,7.9,27,0.0,0.0,9.0,39.6,4,681.6,23.25,3.98
2025-10-01,16.3,5.2,10.5,7.2,23,0.0,0.0,8.8,33.1,8,680.3,23.25,3.89
2025-10-02,17.8,4.8,10.9,7.3,24,0.0,0.0,13.4,39.6,19,682.2,22.15,3.95
2025-10-03,14.6,4.3,8.8,5.7,36,0.0,0.0,14.5,45.4,37,684.1,17.96,3.04
2025-10-04,10.9,1.8,6.1,3.1,43,0.0,0.0,7.4,29.2,42,681.6,19.56,3.02
2025-10-05,9.0,0.7,5.0,1.5,45,1.0,0.0,12.7,41.8,58,678.3,12.07,2.02
2025-10-06,9.8,0.2,4.3,0.6,47,5.8,0.0,12.9,32.4,91,677.6,9.72,1.86
2025-10-07,7.7,-2.5,1.9,-1.8,55,3.8,0.0,16.4,46.8,95,675.2,11.49,1.81
2025-10-08,3.5,-2.7,0.3,-2.9,51,0.1,0.0,5.9,20.5,59,677.9,20.07,2.55
2025-10-09,4.2,-3.3,0.1,-3.4,47,0.0,0.0,6.0,28.1,31,680.1,19.65,2.49
2025-10-10,4.6,-2.7,0.5,-3.4,35,0.0,0.0,8.4,29.2,28,679.7,21.33,2.73
2025-10-11,4.7,-2.2,0.7,-3.0,39,0.0,0.0,7.7,29.2,30,682.0,19.13,2.5
2025-10-12,6.9,-3.0,1.7,-2.0,33,0.0,0.0,6.6,30.2,2,683.3,21.44,2.82
2025-10-13,8.9,-0.6,3.5,-0.4,19,0.0,0.0,6.4,29.5,0,684.4,21.5,3.01
2025-10-14,11.0,0.3,5.0,1.2,19,0.0,0.0,5.8,28.1,0,684.0,21.29,3.14
2025-10-15,12.5,1.7,6.1,2.3,20,0.0,0.0,6.8,28.1,1,682.2,21.11,3.26
2025-10-16,11.5,-0.5,4.9,1.2,27,0.0,0.0,9.2,26.6,0,682.6,21.0,3.18
2025-10-17,11.3,-1.5,4.1,0.4,26,0.0,0.0,6.3,24.5,0,682.6,20.82,3.15
2025-10-18,11.0,-1.1,4.4,0.7,24,0.0,0.0,5.3,23.0,0,682.1,20.59,3.09
2025-10-19,11.9,-0.2,5.7,2.0,23,0.0,0.0,9.3,28.8,32,682.0,20.13,3.06
2025-10-20,14.1,1.2,7.1,3.2,19,0.0,0.0,10.4,35.6,33,681.4,20.07,3.23
2025-10-21,13.4,0.3,6.6,2.3,17,0.0,0.0,12.0,37.4,28,681.1,19.45,3.37
2025-10-22,8.7,0.2,3.8,0.5,45,0.2,0.0,7.0,29.2,74,682.2,15.85,2.33
2025-10-23,3.0,-4.5,-0.4,-3.4,63,3.3,0.0,3.6,19.4,50,680.5,17.0,2.1
2025-10-24,6.6,-5.3,0.1,-3.4,44,0.0,0.0,4.6,24.1,28,679.1,18.86,2.47
2025-10-25,6.1,-2.4,1.3,-2.4,34,0.0,0.0,4.4,26.3,29,679.3,17.73,2.37
2025-10-26,9.0,-2.7,2.3,-1.6,27,0.0,0.0,11.4,34.6,0,679.9,18.97,2.81
2025-10-27,10.5,-0.8,3.6,-0.8,21,0.0,0.0,12.3,44.6,6,679.7,18.85,3.01
2025-10-28,9.0,-1.4,3.4,-1.0,21,0.0,0.0,14.1,45.7,4,680.7,18.75,2.77
2025-10-29,10.7,-2.1,3.6,-0.7,18,0.0,0.0,11.8,32.8,0,679.9,18.74,2.94
2025-10-30,9.8,0.0,4.3,0.3,15,0.0,0.0,7.1,28.4,0,680.9,18.64,2.68
2025-10-31,10.8,-1.7,3.4,-0.7,17,0.0,0.0,7.7,32.0,0,679.5,18.55,2.81
2025-11-01,11.1,-0.9,4.4,0.2,15,0.0,0.0,12.4,36.0,0,679.4,18.36,2.84
2025-11-02,9.7,0.4,4.1,0.0,20,0.0,0.0,9.4,33.5,0,679.5,18.15,2.63
2025-11-03,12.6,-1.4,4.9,0.3,18,0.0,0.0,17.3,59.8,0,677.1,17.98,3.1
2025-11-04,10.2,0.2,4.0,-1.0,18,0.0,0.0,20.5,68.8,38,672.8,17.03,3.04
2025-11-05,3.1,-3.4,-0.5,-5.1,36,0.0,0.0,13.9,43.9,41,673.2,14.73,2.0
2025-11-06,3.1,-4.5,-1.6,-5.6,27,0.0,0.0,7.8,32.8,6,677.2,17.01,2.08
2025-11-07,4.9,-4.2,-0.3,-4.4,16,0.0,0.0,8.0,31.0,0,678.9,17.14,2.14
2025-11-08,6.9,-2.9,0.8,-3.9,16,0.0,0.0,16.3,53.6,4,677.7,17.0,2.42
2025-11-09,4.6,-3.6,-0.2,-4.2,21,0.0,0.0,6.7,29.5,0,676.9,16.86,2.11
2025-11-10,6.1,-4.1,0.1,-4.6,16,0.0,0.0,17.0,55.1,9,675.4,16.66,2.41
2025-11-11,3.9,-4.4,-0.7,-5.1,21,0.0,0.0,11.1,39.2,22,676.3,15.84,2.01
2025-11-12,5.0,-5.8,-0.8,-5.5,16,0.0,0.0,11.5,34.9,1,675.9,16.5,2.28
2025-11-13,4.7,-4.9,-1.1,-5.5,16,0.0,0.0,9.5,38.5,16,677.3,16.0,2.07
2025-11-14,5.3,-6.5,-1.4,-5.7,18,0.0,0.0,7.0,31.3,10,678.5,16.41,2.1
2025-11-15,4.5,-4.1,-0.6,-4.7,15,0.0,0.0,3.9,24.5,0,679.8,16.2,1.98
2025-11-16,6.4,-4.3,0.4,-3.9,15,0.0,0.0,6.9,31.3,22,683.7,16.02,2.05
2025-11-17,8.6,-0.3,3.0,-1.0,15,0.0,0.0,5.2,25.2,29,683.1,15.7,2.12
2025-11-18,7.9,-0.5,2.5,-1.5,17,0.0,0.0,5.9,24.8,0,681.6,15.76,2.11
2025-11-19,7.4,-0.5,2.4,-1.7,19,0.0,0.0,7.1,28.4,1,679.5,15.52,2.08
2025-11-20,8.1,-2.8,1.5,-3.2,21,0.0,0.0,14.9,49.0,0,677.6,15.49,2.38
2025-11-21,5.4,-3.5,-0.1,-4.8,21,0.0,0.0,16.5,44.3,3,677.3,15.44,2.15
2025-11-22,4.2,-5.6,-1.8,-6.2,23,0.0,0.0,8.7,30.6,61,676.1,13.95,1.85
2025-11-23,4.0,-8.7,-2.8,-7.3,21,0.0,0.0,7.5,27.0,19,675.1,15.2,2.02
2025-11-24,3.3,-7.4,-2.4,-6.8,17,0.0,0.0,7.7,32.8,0,676.0,15.26,1.88
2025-11-25,3.6,-6.6,-2.7,-7.2,16,0.0,0.0,7.0,32.8,0,677.3,15.19,1.87
2025-11-26,4.1,-8.5,-3.0,-7.7,17,0.0,0.0,9.7,32.8,0,677.4,15.06,2.04
2025-11-27,5.0,-6.8,-1.2,-5.6,9,0.0,0.0,5.7,22.0,0,678.6,15.1,1.99
2025-11-28,4.6,-4.6,-0.9,-5.4,8,0.0,0.0,5.5,24.1,0,677.2,15.04,1.97
2025-11-29,5.2,-5.3,-0.9,-5.6,9,0.0,0.0,10.6,34.2,1,675.5,14.89,2.04
2025-11-30,7.8,-7.0,0.3,-4.9,12,0.0,0.0,18.0,56.5,30,674.8,14.64,2.46
2025-12-01,2.6,-5.0,-1.2,-5.7,34,0.3,0.0,10.1,29.9,74,675.8,7.13,1.27
2025-12-02,1.7,-4.9,-2.1,-6.4,26,0.0,0.0,6.9,25.6,65,673.9,12.3,1.58
2025-12-03,0.3,-7.5,-4.1,-8.1,32,0.0,0.0,4.7,21.6,15,676.0,13.11,1.41
2025-12-04,2.5,-7.8,-3.1,-7.4,24,0.0,0.0,5.9,25.9,59,677.2,11.37,1.41
2025-12-05,2.4,-4.7,-1.9,-6.4,27,0.0,0.0,9.2,29.5,65,676.7,11.24,1.6
2025-12-06,3.5,-8.2,-2.5,-7.1,28,0.0,0.0,10.2,33.8,53,677.9,13.18,1.77
2025-12-07,2.6,-6.6,-2.2,-6.5,33,0.0,0.0,8.4,29.5,74,677.0,10.96,1.5
2025-12-08,-0.5,-7.0,-4.2,-8.3,39,0.0,0.0,5.2,23.4,31,676.8,11.23,1.24
2025-12-09,0.5,-8.7,-4.0,-8.1,32,0.0,0.0,4.8,24.8,40,678.4,13.37,1.43
2025-12-10,3.2,-4.9,-1.3,-5.2,31,0.0,0.0,7.0,29.5,29,678.8,13.06,1.55
2025-12-11,3.2,-6.5,-2.3,-6.3,31,0.0,0.0,5.0,24.8,26,679.1,13.42,1.54
2025-12-12,4.8,-6.0,-1.2,-5.3,21,0.0,0.0,5.6,27.4,44,679.3,13.2,1.6
2025-12-13,5.2,-4.0,0.3,-3.9,24,0.0,0.0,8.3,28.8,97,679.2,9.27,1.36
2025-12-14,2.9,-2.5,-0.3,-4.3,34,0.0,0.0,8.0,23.8,89,680.4,9.55,1.28
2025-12-15,1.9,-5.8,-1.6,-5.6,39,0.4,0.0,5.3,24.1,94,679.7,7.79,1.03
2025-12-16,3.2,-6.6,-2.4,-6.4,41,0.0,0.0,6.9,30.2,34,679.5,12.16,1.44
2025-12-17,6.3,-4.9,0.6,-3.8,22,0.0,0.0,8.3,30.2,80,681.6,11.57,1.71
2025-12-18,7.2,0.0,2.8,-2.0,18,0.0,0.0,14.0,39.2,100,680.9,8.64,1.8
2025-12-19,6.4,-4.2,0.4,-4.0,29,0.0,0.0,11.6,38.5,88,678.9,12.42,1.8
2025-12-20,8.6,-2.1,3.1,-1.5,27,0.0,0.0,12.4,42.8,99,677.5,10.82,2.02
2025-12-21,4.0,-3.3,0.8,-3.0,54,6.6,0.0,9.5,34.2,92,673.9,7.66,1.21
2025-12-22,3.4,-6.7,-2.5,-6.9,49,0.4,0.0,10.7,40.7,40,673.0,12.74,1.61
2025-12-23,-1.2,-8.9,-5.8,-10.2,42,0.1,0.0,7.1,26.6,44,671.5,13.17,1.45
2025-12-24,-1.1,-10.1,-5.9,-10.2,30,0.0,0.0,8.0,31.0,28,671.5,13.8,1.43
2025-12-25,-0.2,-10.2,-6.0,-10.3,28,0.0,0.0,5.3,22.7,35,672.5,13.76,1.49
2025-12-26,1.4,-9.3,-4.6,-9.0,37,0.0,0.0,10.5,29.9,68,672.5,10.27,1.3
2025-12-27,-1.1,-9.5,-6.0,-10.2,36,0.0,0.0,5.8,26.3,61,673.9,13.3,1.35
2025-12-28,0.4,-9.4,-4.9,-9.2,30,0.0,0.0,8.0,25.9,38,674.8,13.24,1.5
2025-12-29,-1.0,-7.8,-4.8,-9.0,42,0.0,0.0,6.5,26.6,84,674.4,11.2,1.22
2025-12-30,-0.7,-9.2,-5.5,-9.5,48,0.0,0.0,6.4,22.3,79,672.7,11.87,1.27
2025-12-31,0.8,-6.9,-3.7,-7.8,46,0.0,0.0,6.0,24.8,85,669.0,11.11,1.3
2026-01-01,-1.3,-7.7,-5.0,-9.1,44,0.0,0.0,6.6,26.6,71,667.4,11.1,1.24
2026-01-02,-5.2,-11.3,-8.3,-12.2,55,1.0,0.0,3.5,22.7,56,670.3,11.73,1.04
2026-01-03,-3.7,-12.5,-8.5,-12.6,45,0.0,0.0,8.2,31.7,80,669.2,10.67,1.0
2026-01-04,-3.1,-13.7,-9.3,-13.7,49,0.3,0.0,10.7,36.7,39,666.5,12.36,1.13
2026-01-05,-3.3,-14.4,-10.1,-14.7,45,0.7,0.0,10.1,37.8,76,666.7,12.3,1.16
2026-01-06,-6.1,-13.4,-10.5,-14.8,38,0.4,0.0,8.0,28.8,90,669.4,12.54,1.07
2026-01-07,-5.5,-15.8,-11.5,-16.0,35,0.0,0.0,8.7,36.7,63,669.9,13.08,1.12
2026-01-08,-2.1,-17.2,-10.9,-15.5,28,0.0,0.0,8.2,30.2,1,669.6,14.71,1.46
2026-01-09,-2.5,-12.8,-9.0,-13.3,23,0.0,0.0,6.1,29.9,0,669.7,14.76,1.43
2026-01-10,-1.4,-14.2,-8.8,-13.2,23,0.0,0.0,8.5,28.8,0,669.8,14.81,1.48
2026-01-11,-1.6,-15.2,-8.9,-13.0,27,0.0,0.0,5.4,25.6,21,675.2,14.85,1.4
2026-01-12,4.3,-9.1,-3.2,-7.8,30,0.0,0.0,10.5,32.8,80,674.9,11.84,1.67
2026-01-13,1.8,-9.5,-5.1,-9.3,29,0.0,0.0,7.2,29.2,77,675.0,14.7,1.7
2026-01-14,0.1,-8.9,-5.0,-8.9,31,0.0,0.0,3.9,22.7,29,673.4,14.89,1.56
2026-01-15,0.1,-9.7,-5.4,-9.4,38,0.0,0.0,8.0,31.7,56,673.9,12.9,1.37
2026-01-16,1.8,-8.6,-4.1,-8.3,49,1.6,0.0,9.6,32.0,81,673.6,10.28,1.3
2026-01-17,-0.7,-10.8,-5.9,-10.8,47,0.8,0.0,14.0,34.6,73,668.6,13.14,1.48
2026-01-18,-3.2,-13.1,-8.7,-13.7,43,0.0,0.0,13.4,30.2,56,665.8,13.49,1.4
2026-01-19,-3.3,-11.1,-8.0,-12.7,46,0.3,0.0,12.6,29.5,53,667.1,13.09,1.31
2026-01-20,-2.9,-14.8,-9.2,-13.9,44,0.0,0.0,9.5,37.4,41,667.0,13.35,1.37
2026-01-21,-2.0,-13.2,-8.5,-13.3,40,0.0,0.0,12.9,33.8,63,669.3,13.98,1.46
2026-01-22,3.1,-13.1,-5.4,-10.2,36,0.0,0.0,10.2,49.3,69,667.7,13.59,1.85
2026-01-23,-0.8,-10.5,-5.0,-9.2,51,8.5,0.0,9.7,41.4,98,662.1,6.44,0.89
2026-01-24,-7.4,-16.9,-11.3,-15.9,43,0.3,0.0,14.4,65.9,57,667.9,15.3,1.25
2026-01-25,-6.5,-16.1,-11.0,-15.5,43,0.0,0.0,9.6,27.4,66,670.8,15.12,1.28
2026-01-26,-3.1,-16.3,-8.9,-13.5,50,0.3,0.0,12.3,32.0,98,670.6,12.26,1.24
2026-01-27,-0.2,-7.6,-5.1,-9.7,61,23.9,0.0,15.3,37.1,100,667.4,12.08,1.43
2026-01-28,-5.5,-14.4,-9.7,-14.5,50,2.1,0.0,14.8,32.8,80,667.1,16.01,1.41
2026-01-29,-7.6,-16.4,-12.7,-17.3,50,0.0,0.0,7.7,28.1,40,669.1,17.0,1.28
2026-01-30,-4.2,-16.0,-10.1,-14.9,39,0.0,0.0,10.7,29.2,97,671.1,16.0,1.57
2026-01-31,-4.5,-11.6,-7.9,-13.2,51,0.3,0.0,14.8,26.6,93,671.2,15.36,1.48
2026-02-01,-3.6,-12.4,-8.3,-13.5,52,0.6,0.0,15.0,26.3,93,669.1,13.45,1.36
2026-02-02,-5.0,-13.1,-9.9,-14.7,45,0.0,0.0,11.1,26.3,82,670.2,15.74,1.46
2026-02-03,-5.6,-13.9,-10.4,-15.2,50,0.8,0.0,12.7,25.6,90,669.4,14.91,1.4
2026-02-04,-8.5,-16.5,-12.9,-17.2,48,0.0,0.0,8.4,21.6,33,673.5,17.54,1.42
2026-02-05,-5.8,-17.0,-11.7,-16.3,36,0.0,0.0,9.3,20.9,45,673.9,17.9,1.69
2026-02-06,-3.2,-14.9,-10.4,-15.4,35,0.0,0.0,11.8,27.0,8,669.8,18.58,1.81
2026-02-07,-5.2,-15.2,-11.3,-15.8,39,0.0,0.0,10.2,23.0,10,668.8,18.77,1.79
2026-02-08,-5.0,-16.0,-11.2,-15.6,38,0.0,0.0,8.7,22.0,43,671.7,18.88,1.76
2026-02-09,-2.3,-11.7,-7.7,-12.3,36,0.0,0.0,9.4,22.7,72,670.3,18.38,2.01
2026-02-10,-2.1,-12.7,-7.7,-12.4,45,0.0,0.0,12.5,26.3,66,669.6,17.87,1.86
2026-02-11,-3.3,-13.0,-8.8,-13.0,48,0.0,0.0,8.8,21.2,60,674.8,18.81,1.89
2026-02-12,-4.0,-14.2,-9.8,-14.1,40,0.0,0.0,9.8,19.8,32,675.1,19.48,1.95
2026-02-13,-1.6,-10.3,-6.6,-10.8,44,0.0,0.0,8.2,25.2,86,672.4,17.04,1.85
2026-02-14,-2.7,-12.4,-8.6,-12.4,50,0.0,0.0,2.8,18.4,67,672.4,19.15,1.85
2026-02-15,-4.0,-15.0,-10.1,-13.9,42,0.0,0.0,3.2,18.0,10,672.6,19.92,1.83
2026-02-16,-1.3,-14.0,-8.0,-11.8,38,0.0,0.0,4.4,22.0,54,673.2,19.16,1.91
2026-02-17,-1.0,-11.6,-7.0,-10.7,41,0.0,0.0,4.5,21.6,85,673.5,18.99,2.0
2026-02-18,1.0,-12.8,-7.1,-10.9,44,0.0,0.0,6.1,27.7,84,672.5,19.59,2.14
2026-02-19,0.9,-12.0,-6.8,-10.5,42,0.0,0.0,5.7,25.6,17,675.4,20.74,2.19
2026-02-20,-1.1,-12.2,-7.0,-10.5,46,0.0,0.0,5.2,23.4,0,677.7,21.07,2.11
2026-02-21,-0.2,-11.6,-6.1,-9.5,48,0.0,0.0,2.8,18.7,14,674.7,20.93,2.23
2026-02-22,-0.3,-10.9,-5.6,-9.1,51,0.1,0.0,5.2,23.0,47,671.1,19.48,2.04
2026-02-23,-1.3,-11.6,-7.3,-10.8,52,0.0,0.0,3.8,22.0,30,671.0,21.21,2.13
2026-02-24,-1.0,-11.8,-6.9,-10.5,41,0.0,0.0,3.9,20.2,1,672.6,21.66,2.2
2026-02-25,0.8,-11.3,-5.8,-9.6,39,0.0,0.0,9.7,32.0,4,671.8,21.92,2.29
2026-02-26,2.0,-12.3,-5.2,-9.3,44,0.0,0.0,12.1,38.2,8,669.4,21.84,2.34
2026-02-27,1.5,-10.4,-4.7,-8.9,44,0.0,0.0,12.0,38.9,45,668.5,21.19,2.27
2026-02-28,0.6,-9.0,-5.1,-8.9,48,0.2,0.0,6.8,31.0,39,670.0,19.95,2.14
2026-03-01,1.3,-10.1,-4.8,-8.7,35,0.0,0.0,8.9,32.4,12,671.0,22.43,2.43
2026-03-02,1.9,-10.9,-4.4,-8.4,37,0.0,0.0,10.4,36.4,0,673.9,22.66,2.46
2026-03-03,4.9,-8.9,-1.5,-5.3,32,0.0,0.0,7.7,30.6,11,677.4,22.47,2.84
2026-03-04,8.1,-4.0,2.0,-1.8,32,0.0,0.0,8.7,32.4,44,681.7,19.95,2.82
2026-03-05,10.5,-0.2,4.3,0.5,35,0.0,0.0,10.4,32.8,34,682.1,22.09,3.38
2026-03-06,11.4,0.8,5.1,0.7,28,0.0,0.0,15.5,53.3,81,680.4,19.7,3.35
2026-03-07,8.6,0.3,3.6,-0.5,43,0.3,0.0,14.9,38.9,89,681.0,17.13,2.76
2026-03-08,6.0,-1.8,1.7,-1.5,45,0.7,0.0,4.3,25.6,36,683.0,20.55,2.76
2026-03-09,7.7,-1.5,2.6,-1.1,29,0.0,0.0,7.4,26.6,44,682.5,21.86,3.13
2026-03-10,6.7,-0.1,3.0,-0.8,44,0.0,0.0,8.3,27.7,96,682.5,15.43,2.38
2026-03-11,6.7,0.2,2.4,-1.2,53,1.3,0.0,10.3,29.9,98,680.3,14.84,2.21
2026-03-12,2.0,-5.2,-0.2,-4.1,63,11.8,0.0,10.0,37.1,83,673.0,14.11,1.73
2026-03-13,0.5,-6.7,-3.5,-7.2,52,0.0,0.0,8.9,31.7,43,673.9,24.11,2.59
2026-03-14,1.1,-7.1,-3.0,-6.6,48,0.0,0.0,6.8,28.1,69,674.9,21.83,2.51
2026-03-15,3.2,-5.1,-1.5,-5.3,53,0.5,0.0,9.8,31.7,98,671.1,17.43,2.19
2026-03-16,-0.4,-6.2,-3.5,-7.4,55,1.7,0.0,10.5,31.3,89,667.9,17.61,1.93
2026-03-17,-2.6,-8.9,-5.4,-9.1,53,0.3,0.0,6.1,25.2,88,671.8,19.45,1.98
2026-03-18,1.4,-4.2,-1.8,-5.3,63,2.4,0.0,7.6,25.9,99,673.8,17.67,2.08
2026-03-19,2.8,-3.1,-0.3,-4.0,58,0.4,0.0,9.2,25.6,96,673.1,19.97,2.43
2026-03-20,1.5,-4.0,-1.4,-5.1,64,4.7,0.1,9.5,26.6,100,668.8,15.97,1.95
2026-03-21,0.3,-5.0,-2.8,-6.2,52,0.3,0.0,6.3,23.8,86,672.2,22.94,2.56
2026-03-22,-0.1,-7.6,-3.7,-6.9,50,0.0,0.0,4.7,22.3,57,675.2,26.05,2.9
2026-03-23,1.7,-6.0,-2.1,-5.5,44,0.0,0.0,4.9,22.7,95,673.6,24.93,2.96
2026-03-24,-0.2,-7.2,-3.5,-6.6,65,0.3,0.0,6.1,29.9,56,674.4,22.9,2.5
2026-03-25,1.4,-7.7,-3.2,-6.6,41,0.0,0.0,5.7,25.6,46,675.7,26.92,3.04
2026-03-26,3.1,-3.1,-0.4,-3.4,48,0.0,0.0,5.1,22.3,90,678.2,25.62,3.26
2026-03-27,4.7,-4.5,-0.2,-3.2,52,3.7,0.0,4.9,37.1,72,676.0,24.72,3.27
2026-03-28,4.7,-4.6,-0.0,-3.0,49,0.8,0.0,5.9,24.1,64,675.3,25.6,3.31
2026-03-29,5.3,-0.2,2.2,-1.6,48,1.6,0.0,9.5,29.5,84,675.6,13.24,1.97
2026-03-30,9.2,-0.5,4.0,0.2,38,0.0,0.0,10.7,32.0,99,678.1,22.23,3.48
2026-03-31,6.4,-2.1,2.2,-1.3,36,0.0,0.0,7.3,29.9,59,676.7,24.53,3.47
2026-04-01,7.4,-1.7,2.3,-1.1,32,0.0,0.0,5.3,28.1,63,677.6,25.16,3.63
2026-04-02,8.8,-2.4,2.8,-0.6,37,0.0,0.0,6.1,27.7,70,679.7,23.13,3.38
2026-04-03,11.6,-0.3,4.5,1.1,40,3.8,0.0,9.1,37.8,94,679.0,21.66,3.43
2026-04-04,9.6,-1.6,3.7,-0.3,37,0.0,0.0,11.7,41.4,91,676.0,18.13,2.96
2026-04-05,6.7,-1.6,2.0,-1.2,38,0.0,0.0,6.5,25.9,46,674.6,24.62,3.43
