date,state,is_national_holiday,is_state_holiday,holiday_name
2024-04-09,Andhra Pradesh,0,1,Ugadi
2024-04-11,Andhra Pradesh,1,0,Eid al-Fitr
2024-04-14,Andhra Pradesh,1,0,Dr. B. R. Ambedkar's Birthday
2024-04-17,Andhra Pradesh,1,0,Ram Navami
2024-04-21,Andhra Pradesh,1,0,Mahavira's Birthday
2024-05-23,Andhra Pradesh,1,0,Buddha Purnima
2024-06-17,Andhra Pradesh,1,0,Eid al-Adha
2024-07-17,Andhra Pradesh,1,0,Ashura
2024-08-15,Andhra Pradesh,1,0,Independence Day
2024-08-26,Andhra Pradesh,1,0,Janmashtami (Vaishnava)
2024-09-16,Andhra Pradesh,1,0,Prophet's Birthday
2024-10-02,Andhra Pradesh,1,0,Mahatma Gandhi's Birthday
2024-10-12,Andhra Pradesh,1,0,Dussehra
2024-10-31,Andhra Pradesh,1,0,Diwali (Deepavali)
2024-11-01,Andhra Pradesh,0,1,Andhra Pradesh Foundation Day
2024-11-15,Andhra Pradesh,1,0,Guru Nanak's Birthday
2024-12-25,Andhra Pradesh,1,0,Christmas
2025-01-26,Andhra Pradesh,1,0,Republic Day
2025-02-26,Andhra Pradesh,1,0,Maha Shivaratri
2025-03-14,Andhra Pradesh,1,0,Holi
2025-03-30,Andhra Pradesh,0,1,Ugadi
2025-03-31,Andhra Pradesh,1,0,Eid al-Fitr
2025-04-10,Andhra Pradesh,1,0,Mahavira's Birthday
2025-04-14,Andhra Pradesh,1,0,Dr. B. R. Ambedkar's Birthday
2025-04-18,Andhra Pradesh,1,0,Good Friday
2025-05-12,Andhra Pradesh,1,0,Buddha Purnima
2025-06-07,Andhra Pradesh,1,0,Eid al-Adha
2025-07-06,Andhra Pradesh,1,0,Ashura
2025-08-15,Andhra Pradesh,1,0,Independence Day
2025-08-16,Andhra Pradesh,1,0,Janmashtami (Vaishnava)
2025-09-05,Andhra Pradesh,1,0,Prophet's Birthday
2025-10-02,Andhra Pradesh,1,0,Dussehra; Mahatma Gandhi's Birthday
2025-10-20,Andhra Pradesh,1,0,Diwali (Deepavali)
2025-11-01,Andhra Pradesh,0,1,Andhra Pradesh Foundation Day
2025-11-05,Andhra Pradesh,1,0,Guru Nanak's Birthday
2025-12-25,Andhra Pradesh,1,0,Christmas
2026-01-26,Andhra Pradesh,1,0,Republic Day
2026-03-04,Andhra Pradesh,1,0,Holi
2026-03-19,Andhra Pradesh,0,1,Ugadi
2026-03-21,Andhra Pradesh,1,0,Eid al-Fitr
2026-03-26,Andhra Pradesh,1,0,Ram Navami
2026-03-31,Andhra Pradesh,1,0,Mahavira's Birthday
2026-04-03,Andhra Pradesh,1,0,Good Friday
2024-04-11,Arunachal Pradesh,1,0,Eid al-Fitr
2024-04-14,Arunachal Pradesh,1,0,Dr. B. R. Ambedkar's Birthday
2024-04-17,Arunachal Pradesh,1,0,Ram Navami
2024-04-21,Arunachal Pradesh,1,0,Mahavira's Birthday
2024-05-23,Arunachal Pradesh,1,0,Buddha Purnima
2024-06-17,Arunachal Pradesh,1,0,Eid al-Adha
2024-07-17,Arunachal Pradesh,1,0,Ashura
2024-08-15,Arunachal Pradesh,1,0,Independence Day
2024-08-26,Arunachal Pradesh,1,0,Janmashtami (Vaishnava)
2024-09-16,Arunachal Pradesh,1,0,Prophet's Birthday
2024-10-02,Arunachal Pradesh,1,0,Mahatma Gandhi's Birthday
2024-10-12,Arunachal Pradesh,1,0,Dussehra
2024-10-31,Arunachal Pradesh,1,0,Diwali (Deepavali)
2024-11-15,Arunachal Pradesh,1,0,Guru Nanak's Birthday
2024-12-25,Arunachal Pradesh,1,0,Christmas
2025-01-26,Arunachal Pradesh,1,0,Republic Day
2025-02-26,Arunachal Pradesh,1,0,Maha Shivaratri
2025-03-14,Arunachal Pradesh,1,0,Holi
2025-03-31,Arunachal Pradesh,1,0,Eid al-Fitr
2025-04-10,Arunachal Pradesh,1,0,Mahavira's Birthday
2025-04-14,Arunachal Pradesh,1,0,Dr. B. R. Ambedkar's Birthday
2025-04-18,Arunachal Pradesh,1,0,Good Friday
2025-05-12,Arunachal Pradesh,1,0,Buddha Purnima
2025-06-07,Arunachal Pradesh,1,0,Eid al-Adha
2025-07-06,Arunachal Pradesh,1,0,Ashura
2025-08-15,Arunachal Pradesh,1,0,Independence Day
2025-08-16,Arunachal Pradesh,1,0,Janmashtami (Vaishnava)
2025-09-05,Arunachal Pradesh,1,0,Prophet's Birthday
2025-10-02,Arunachal Pradesh,1,0,Dussehra; Mahatma Gandhi's Birthday
2025-10-20,Arunachal Pradesh,1,0,Diwali (Deepavali)
2025-11-05,Arunachal Pradesh,1,0,Guru Nanak's Birthday
2025-12-25,Arunachal Pradesh,1,0,Christmas
2026-01-26,Arunachal Pradesh,1,0,Republic Day
2026-03-04,Arunachal Pradesh,1,0,Holi
2026-03-21,Arunachal Pradesh,1,0,Eid al-Fitr
2026-03-26,Arunachal Pradesh,1,0,Ram Navami
2026-03-31,Arunachal Pradesh,1,0,Mahavira's Birthday
2026-04-03,Arunachal Pradesh,1,0,Good Friday
2024-04-11,Assam,1,0,Eid al-Fitr
2024-04-14,Assam,1,0,Dr. B. R. Ambedkar's Birthday
2024-04-17,Assam,1,0,Ram Navami
2024-04-21,Assam,1,0,Mahavira's Birthday
2024-05-23,Assam,1,0,Buddha Purnima
2024-06-17,Assam,1,0,Eid al-Adha
2024-07-17,Assam,1,0,Ashura
2024-08-15,Assam,1,0,Independence Day
2024-08-26,Assam,1,0,Janmashtami (Vaishnava)
2024-09-16,Assam,1,0,Prophet's Birthday
2024-10-02,Assam,1,0,Mahatma Gandhi's Birthday
2024-10-12,Assam,1,0,Dussehra
2024-10-31,Assam,1,0,Diwali (Deepavali)
2024-11-15,Assam,1,0,Guru Nanak's Birthday
2024-12-02,Assam,0,1,Assam Day
2024-12-25,Assam,1,0,Christmas
2025-01-14,Assam,0,1,Magh Bihu
2025-01-26,Assam,1,0,Republic Day
2025-02-26,Assam,1,0,Maha Shivaratri
2025-03-14,Assam,1,0,Holi
2025-03-31,Assam,1,0,Eid al-Fitr
2025-04-10,Assam,1,0,Mahavira's Birthday
2025-04-14,Assam,1,0,Dr. B. R. Ambedkar's Birthday
2025-04-18,Assam,1,0,Good Friday
2025-05-12,Assam,1,0,Buddha Purnima
2025-06-07,Assam,1,0,Eid al-Adha
2025-07-06,Assam,1,0,Ashura
2025-08-15,Assam,1,0,Independence Day
2025-08-16,Assam,1,0,Janmashtami (Vaishnava)
2025-09-05,Assam,1,0,Prophet's Birthday
2025-10-02,Assam,1,0,Dussehra; Mahatma Gandhi's Birthday
2025-10-20,Assam,1,0,Diwali (Deepavali)
2025-11-05,Assam,1,0,Guru Nanak's Birthday
2025-12-02,Assam,0,1,Assam Day
2025-12-25,Assam,1,0,Christmas
2026-01-14,Assam,0,1,Magh Bihu
2026-01-26,Assam,1,0,Republic Day
2026-03-04,Assam,1,0,Holi
2026-03-21,Assam,1,0,Eid al-Fitr
2026-03-26,Assam,1,0,Ram Navami
2026-03-31,Assam,1,0,Mahavira's Birthday
2026-04-03,Assam,1,0,Good Friday
2024-04-11,Bihar,1,0,Eid al-Fitr
2024-04-14,Bihar,1,0,Dr. B. R. Ambedkar's Birthday
2024-04-17,Bihar,1,0,Ram Navami
2024-04-21,Bihar,1,0,Mahavira's Birthday
2024-05-23,Bihar,1,0,Buddha Purnima
2024-06-17,Bihar,1,0,Eid al-Adha
2024-07-17,Bihar,1,0,Ashura
2024-08-15,Bihar,1,0,Independence Day
2024-08-26,Bihar,1,0,Janmashtami (Vaishnava)
2024-09-16,Bihar,1,0,Prophet's Birthday
2024-10-02,Bihar,1,0,Mahatma Gandhi's Birthday
2024-10-12,Bihar,1,0,Dussehra
2024-10-31,Bihar,1,0,Diwali (Deepavali)
2024-11-07,Bihar,0,1,Chhath Puja
2024-11-15,Bihar,1,0,Guru Nanak's Birthday
2024-12-25,Bihar,1,0,Christmas
2025-01-26,Bihar,1,0,Republic Day
2025-02-26,Bihar,1,0,Maha Shivaratri
2025-03-14,Bihar,1,0,Holi
2025-03-22,Bihar,0,1,Bihar Day
2025-03-31,Bihar,1,0,Eid al-Fitr
2025-04-10,Bihar,1,0,Mahavira's Birthday
2025-04-14,Bihar,1,0,Dr. B. R. Ambedkar's Birthday
2025-04-18,Bihar,1,0,Good Friday
2025-05-12,Bihar,1,0,Buddha Purnima
2025-06-07,Bihar,1,0,Eid al-Adha
2025-07-06,Bihar,1,0,Ashura
2025-08-15,Bihar,1,0,Independence Day
2025-08-16,Bihar,1,0,Janmashtami (Vaishnava)
2025-09-05,Bihar,1,0,Prophet's Birthday
2025-10-02,Bihar,1,0,Dussehra; Mahatma Gandhi's Birthday
2025-10-20,Bihar,1,0,Diwali (Deepavali)
2025-10-28,Bihar,0,1,Chhath Puja
2025-11-05,Bihar,1,0,Guru Nanak's Birthday
2025-12-25,Bihar,1,0,Christmas
2026-01-26,Bihar,1,0,Republic Day
2026-03-04,Bihar,1,0,Holi
2026-03-21,Bihar,1,0,Eid al-Fitr
2026-03-22,Bihar,0,1,Bihar Day
2026-03-26,Bihar,1,0,Ram Navami
2026-03-31,Bihar,1,0,Mahavira's Birthday
2026-04-03,Bihar,1,0,Good Friday
2024-04-11,Chandigarh,1,0,Eid al-Fitr
2024-04-14,Chandigarh,1,0,Dr. B. R. Ambedkar's Birthday
2024-04-17,Chandigarh,1,0,Ram Navami
2024-04-21,Chandigarh,1,0,Mahavira's Birthday
2024-05-23,Chandigarh,1,0,Buddha Purnima
2024-06-17,Chandigarh,1,0,Eid al-Adha
2024-07-17,Chandigarh,1,0,Ashura
2024-08-15,Chandigarh,1,0,Independence Day
2024-08-26,Chandigarh,1,0,Janmashtami (Vaishnava)
2024-09-16,Chandigarh,1,0,Prophet's Birthday
2024-10-02,Chandigarh,1,0,Mahatma Gandhi's Birthday
2024-10-12,Chandigarh,1,0,Dussehra
2024-10-31,Chandigarh,1,0,Diwali (Deepavali)
2024-11-15,Chandigarh,1,0,Guru Nanak's Birthday
2024-12-25,Chandigarh,1,0,Christmas
2025-01-26,Chandigarh,1,0,Republic Day
2025-02-26,Chandigarh,1,0,Maha Shivaratri
2025-03-14,Chandigarh,1,0,Holi
2025-03-31,Chandigarh,1,0,Eid al-Fitr
2025-04-10,Chandigarh,1,0,Mahavira's Birthday
2025-04-14,Chandigarh,1,0,Dr. B. R. Ambedkar's Birthday
2025-04-18,Chandigarh,1,0,Good Friday
2025-05-12,Chandigarh,1,0,Buddha Purnima
2025-06-07,Chandigarh,1,0,Eid al-Adha
2025-07-06,Chandigarh,1,0,Ashura
2025-08-15,Chandigarh,1,0,Independence Day
2025-08-16,Chandigarh,1,0,Janmashtami (Vaishnava)
2025-09-05,Chandigarh,1,0,Prophet's Birthday
2025-10-02,Chandigarh,1,0,Dussehra; Mahatma Gandhi's Birthday
2025-10-20,Chandigarh,1,0,Diwali (Deepavali)
2025-11-05,Chandigarh,1,0,Guru Nanak's Birthday
2025-12-25,Chandigarh,1,0,Christmas
2026-01-26,Chandigarh,1,0,Republic Day
2026-03-04,Chandigarh,1,0,Holi
2026-03-21,Chandigarh,1,0,Eid al-Fitr
2026-03-26,Chandigarh,1,0,Ram Navami
2026-03-31,Chandigarh,1,0,Mahavira's Birthday
2026-04-03,Chandigarh,1,0,Good Friday
2024-04-11,Chhattisgarh,1,0,Eid al-Fitr
2024-04-14,Chhattisgarh,1,0,Dr. B. R. Ambedkar's Birthday
2024-04-17,Chhattisgarh,1,0,Ram Navami
2024-04-21,Chhattisgarh,1,0,Mahavira's Birthday
2024-05-23,Chhattisgarh,1,0,Buddha Purnima
2024-06-17,Chhattisgarh,1,0,Eid al-Adha
2024-07-17,Chhattisgarh,1,0,Ashura
2024-08-15,Chhattisgarh,1,0,Independence Day
2024-08-26,Chhattisgarh,1,0,Janmashtami (Vaishnava)
2024-09-16,Chhattisgarh,1,0,Prophet's Birthday
2024-10-02,Chhattisgarh,1,0,Mahatma Gandhi's Birthday
2024-10-12,Chhattisgarh,1,0,Dussehra
2024-10-31,Chhattisgarh,1,0,Diwali (Deepavali)
2024-11-01,Chhattisgarh,0,1,Chhattisgarh Foundation Day
2024-11-15,Chhattisgarh,1,0,Guru Nanak's Birthday
2024-12-25,Chhattisgarh,1,0,Christmas
2025-01-26,Chhattisgarh,1,0,Republic Day
2025-02-26,Chhattisgarh,1,0,Maha Shivaratri
2025-03-14,Chhattisgarh,1,0,Holi
2025-03-31,Chhattisgarh,1,0,Eid al-Fitr
2025-04-10,Chhattisgarh,1,0,Mahavira's Birthday
2025-04-14,Chhattisgarh,1,0,Dr. B. R. Ambedkar's Birthday
2025-04-18,Chhattisgarh,1,0,Good Friday
2025-05-12,Chhattisgarh,1,0,Buddha Purnima
2025-06-07,Chhattisgarh,1,0,Eid al-Adha
2025-07-06,Chhattisgarh,1,0,Ashura
2025-08-15,Chhattisgarh,1,0,Independence Day
2025-08-16,Chhattisgarh,1,0,Janmashtami (Vaishnava)
2025-09-05,Chhattisgarh,1,0,Prophet's Birthday
2025-10-02,Chhattisgarh,1,0,Dussehra; Mahatma Gandhi's Birthday
2025-10-20,Chhattisgarh,1,0,Diwali (Deepavali)
2025-11-01,Chhattisgarh,0,1,Chhattisgarh Foundation Day
2025-11-05,Chhattisgarh,1,0,Guru Nanak's Birthday
2025-12-25,Chhattisgarh,1,0,Christmas
2026-01-26,Chhattisgarh,1,0,Republic Day
2026-03-04,Chhattisgarh,1,0,Holi
2026-03-21,Chhattisgarh,1,0,Eid al-Fitr
2026-03-26,Chhattisgarh,1,0,Ram Navami
2026-03-31,Chhattisgarh,1,0,Mahavira's Birthday
2026-04-03,Chhattisgarh,1,0,Good Friday
2024-04-11,Delhi,1,0,Eid al-Fitr
2024-04-14,Delhi,1,0,Dr. B. R. Ambedkar's Birthday
2024-04-17,Delhi,1,0,Ram Navami
2024-04-21,Delhi,1,0,Mahavira's Birthday
2024-05-23,Delhi,1,0,Buddha Purnima
2024-06-17,Delhi,1,0,Eid al-Adha
2024-07-17,Delhi,1,0,Ashura
2024-08-15,Delhi,1,0,Independence Day
2024-08-26,Delhi,1,0,Janmashtami (Vaishnava)
2024-09-16,Delhi,1,0,Prophet's Birthday
2024-10-02,Delhi,1,0,Mahatma Gandhi's Birthday
2024-10-12,Delhi,1,0,Dussehra
2024-10-31,Delhi,1,0,Diwali (Deepavali)
2024-11-07,Delhi,0,1,Chhath Puja
2024-11-15,Delhi,1,0,Guru Nanak's Birthday
2024-12-25,Delhi,1,0,Christmas
2025-01-26,Delhi,1,0,Republic Day
2025-02-26,Delhi,1,0,Maha Shivaratri
2025-03-14,Delhi,1,0,Holi
2025-03-31,Delhi,1,0,Eid al-Fitr
2025-04-10,Delhi,1,0,Mahavira's Birthday
2025-04-14,Delhi,1,0,Dr. B. R. Ambedkar's Birthday
2025-04-18,Delhi,1,0,Good Friday
2025-05-12,Delhi,1,0,Buddha Purnima
2025-06-07,Delhi,1,0,Eid al-Adha
2025-07-06,Delhi,1,0,Ashura
2025-08-15,Delhi,1,0,Independence Day
2025-08-16,Delhi,1,0,Janmashtami (Vaishnava)
2025-09-05,Delhi,1,0,Prophet's Birthday
2025-10-02,Delhi,1,0,Dussehra; Mahatma Gandhi's Birthday
2025-10-20,Delhi,1,0,Diwali (Deepavali)
2025-10-28,Delhi,0,1,Chhath Puja
2025-11-05,Delhi,1,0,Guru Nanak's Birthday
2025-12-25,Delhi,1,0,Christmas
2026-01-26,Delhi,1,0,Republic Day
2026-03-04,Delhi,1,0,Holi
2026-03-21,Delhi,1,0,Eid al-Fitr
2026-03-26,Delhi,1,0,Ram Navami
2026-03-31,Delhi,1,0,Mahavira's Birthday
2026-04-03,Delhi,1,0,Good Friday
2024-04-11,Goa,1,0,Eid al-Fitr
2024-04-14,Goa,1,0,Dr. B. R. Ambedkar's Birthday
2024-04-17,Goa,1,0,Ram Navami
2024-04-21,Goa,1,0,Mahavira's Birthday
2024-05-23,Goa,1,0,Buddha Purnima
2024-06-17,Goa,1,0,Eid al-Adha
2024-07-17,Goa,1,0,Ashura
2024-08-15,Goa,1,0,Independence Day
2024-08-26,Goa,1,0,Janmashtami (Vaishnava)
2024-09-16,Goa,1,0,Prophet's Birthday
2024-10-02,Goa,1,0,Mahatma Gandhi's Birthday
2024-10-12,Goa,1,0,Dussehra
2024-10-31,Goa,1,0,Diwali (Deepavali)
2024-11-15,Goa,1,0,Guru Nanak's Birthday
2024-12-19,Goa,0,1,Goa Liberation Day
2024-12-25,Goa,1,0,Christmas
2025-01-26,Goa,1,0,Republic Day
2025-02-26,Goa,1,0,Maha Shivaratri
2025-03-14,Goa,1,0,Holi
2025-03-31,Goa,1,0,Eid al-Fitr
2025-04-10,Goa,1,0,Mahavira's Birthday
2025-04-14,Goa,1,0,Dr. B. R. Ambedkar's Birthday
2025-04-18,Goa,1,0,Good Friday
2025-05-12,Goa,1,0,Buddha Purnima
2025-06-07,Goa,1,0,Eid al-Adha
2025-07-06,Goa,1,0,Ashura
2025-08-15,Goa,1,0,Independence Day
2025-08-16,Goa,1,0,Janmashtami (Vaishnava)
2025-09-05,Goa,1,0,Prophet's Birthday
2025-10-02,Goa,1,0,Dussehra; Mahatma Gandhi's Birthday
2025-10-20,Goa,1,0,Diwali (Deepavali)
2025-11-05,Goa,1,0,Guru Nanak's Birthday
2025-12-19,Goa,0,1,Goa Liberation Day
2025-12-25,Goa,1,0,Christmas
2026-01-26,Goa,1,0,Republic Day
2026-03-04,Goa,1,0,Holi
2026-03-21,Goa,1,0,Eid al-Fitr
2026-03-26,Goa,1,0,Ram Navami
2026-03-31,Goa,1,0,Mahavira's Birthday
2026-04-03,Goa,1,0,Good Friday
2024-04-11,Gujarat,1,0,Eid al-Fitr
2024-04-14,Gujarat,1,0,Dr. B. R. Ambedkar's Birthday
2024-04-17,Gujarat,1,0,Ram Navami
2024-04-21,Gujarat,1,0,Mahavira's Birthday
2024-05-01,Gujarat,0,1,Gujarat Day
2024-05-23,Gujarat,1,0,Buddha Purnima
2024-06-17,Gujarat,1,0,Eid al-Adha
2024-07-17,Gujarat,1,0,Ashura
2024-08-15,Gujarat,1,0,Independence Day; Parsi New Year (Shahenshahi)
2024-08-26,Gujarat,1,0,Janmashtami (Vaishnava)
2024-09-16,Gujarat,1,0,Prophet's Birthday
2024-10-02,Gujarat,1,0,Mahatma Gandhi's Birthday
2024-10-12,Gujarat,1,0,Dussehra
2024-10-31,Gujarat,1,0,Diwali (Deepavali); Sardar Vallabhbhai Patel Jayanti
2024-11-15,Gujarat,1,0,Guru Nanak's Birthday
2024-12-25,Gujarat,1,0,Christmas
2025-01-14,Gujarat,0,1,Uttarayan
2025-01-26,Gujarat,1,0,Republic Day
2025-02-26,Gujarat,1,0,Maha Shivaratri
2025-03-14,Gujarat,1,0,Holi
2025-03-31,Gujarat,1,0,Eid al-Fitr
2025-04-10,Gujarat,1,0,Mahavira's Birthday
2025-04-14,Gujarat,1,0,Dr. B. R. Ambedkar's Birthday
2025-04-18,Gujarat,1,0,Good Friday
2025-05-01,Gujarat,0,1,Gujarat Day
2025-05-12,Gujarat,1,0,Buddha Purnima
2025-06-07,Gujarat,1,0,Eid al-Adha
2025-07-06,Gujarat,1,0,Ashura
2025-08-15,Gujarat,1,0,Independence Day; Parsi New Year (Shahenshahi)
2025-08-16,Gujarat,1,0,Janmashtami (Vaishnava)
2025-09-05,Gujarat,1,0,Prophet's Birthday
2025-10-02,Gujarat,1,0,Dussehra; Mahatma Gandhi's Birthday
2025-10-20,Gujarat,1,0,Diwali (Deepavali)
2025-10-31,Gujarat,0,1,Sardar Vallabhbhai Patel Jayanti
2025-11-05,Gujarat,1,0,Guru Nanak's Birthday
2025-12-25,Gujarat,1,0,Christmas
2026-01-14,Gujarat,0,1,Uttarayan
2026-01-26,Gujarat,1,0,Republic Day
2026-03-04,Gujarat,1,0,Holi
2026-03-21,Gujarat,1,0,Eid al-Fitr
2026-03-26,Gujarat,1,0,Ram Navami
2026-03-31,Gujarat,1,0,Mahavira's Birthday
2026-04-03,Gujarat,1,0,Good Friday
2024-04-11,Haryana,1,0,Eid al-Fitr
2024-04-14,Haryana,1,0,Dr. B. R. Ambedkar's Birthday
2024-04-17,Haryana,1,0,Ram Navami
2024-04-21,Haryana,1,0,Mahavira's Birthday
2024-05-23,Haryana,1,0,Buddha Purnima
2024-06-17,Haryana,1,0,Eid al-Adha
2024-07-17,Haryana,1,0,Ashura
2024-08-15,Haryana,1,0,Independence Day
2024-08-26,Haryana,1,0,Janmashtami (Vaishnava)
2024-09-16,Haryana,1,0,Prophet's Birthday
2024-10-02,Haryana,1,0,Mahatma Gandhi's Birthday
2024-10-12,Haryana,1,0,Dussehra
2024-10-31,Haryana,1,0,Diwali (Deepavali)
2024-11-01,Haryana,0,1,Haryana Foundation Day
2024-11-15,Haryana,1,0,Guru Nanak's Birthday
2024-12-25,Haryana,1,0,Christmas
2025-01-26,Haryana,1,0,Republic Day
2025-02-26,Haryana,1,0,Maha Shivaratri
2025-03-14,Haryana,1,0,Holi
2025-03-31,Haryana,1,0,Eid al-Fitr
2025-04-10,Haryana,1,0,Mahavira's Birthday
2025-04-14,Haryana,1,0,Dr. B. R. Ambedkar's Birthday
2025-04-18,Haryana,1,0,Good Friday
2025-05-12,Haryana,1,0,Buddha Purnima
2025-06-07,Haryana,1,0,Eid al-Adha
2025-07-06,Haryana,1,0,Ashura
2025-08-15,Haryana,1,0,Independence Day
2025-08-16,Haryana,1,0,Janmashtami (Vaishnava)
2025-09-05,Haryana,1,0,Prophet's Birthday
2025-10-02,Haryana,1,0,Dussehra; Mahatma Gandhi's Birthday
2025-10-20,Haryana,1,0,Diwali (Deepavali)
2025-11-01,Haryana,0,1,Haryana Foundation Day
2025-11-05,Haryana,1,0,Guru Nanak's Birthday
2025-12-25,Haryana,1,0,Christmas
2026-01-26,Haryana,1,0,Republic Day
2026-03-04,Haryana,1,0,Holi
2026-03-21,Haryana,1,0,Eid al-Fitr
2026-03-26,Haryana,1,0,Ram Navami
2026-03-31,Haryana,1,0,Mahavira's Birthday
2026-04-03,Haryana,1,0,Good Friday
2024-04-11,Himachal Pradesh,1,0,Eid al-Fitr
2024-04-14,Himachal Pradesh,1,0,Dr. B. R. Ambedkar's Birthday
2024-04-15,Himachal Pradesh,0,1,Himachal Day
2024-04-17,Himachal Pradesh,1,0,Ram Navami
2024-04-21,Himachal Pradesh,1,0,Mahavira's Birthday
2024-05-23,Himachal Pradesh,1,0,Buddha Purnima
2024-06-17,Himachal Pradesh,1,0,Eid al-Adha
2024-07-17,Himachal Pradesh,1,0,Ashura
2024-08-15,Himachal Pradesh,1,0,Independence Day
2024-08-26,Himachal Pradesh,1,0,Janmashtami (Vaishnava)
2024-09-16,Himachal Pradesh,1,0,Prophet's Birthday
2024-10-02,Himachal Pradesh,1,0,Mahatma Gandhi's Birthday
2024-10-12,Himachal Pradesh,1,0,Dussehra
2024-10-31,Himachal Pradesh,1,0,Diwali (Deepavali)
2024-11-15,Himachal Pradesh,1,0,Guru Nanak's Birthday
2024-12-25,Himachal Pradesh,1,0,Christmas
2025-01-26,Himachal Pradesh,1,0,Republic Day
2025-02-26,Himachal Pradesh,1,0,Maha Shivaratri
2025-03-14,Himachal Pradesh,1,0,Holi
2025-03-31,Himachal Pradesh,1,0,Eid al-Fitr
2025-04-10,Himachal Pradesh,1,0,Mahavira's Birthday
2025-04-14,Himachal Pradesh,1,0,Dr. B. R. Ambedkar's Birthday
2025-04-15,Himachal Pradesh,0,1,Himachal Day
2025-04-18,Himachal Pradesh,1,0,Good Friday
2025-05-12,Himachal Pradesh,1,0,Buddha Purnima
2025-06-07,Himachal Pradesh,1,0,Eid al-Adha
2025-07-06,Himachal Pradesh,1,0,Ashura
2025-08-15,Himachal Pradesh,1,0,Independence Day
2025-08-16,Himachal Pradesh,1,0,Janmashtami (Vaishnava)
2025-09-05,Himachal Pradesh,1,0,Prophet's Birthday
2025-10-02,Himachal Pradesh,1,0,Dussehra; Mahatma Gandhi's Birthday
2025-10-20,Himachal Pradesh,1,0,Diwali (Deepavali)
2025-11-05,Himachal Pradesh,1,0,Guru Nanak's Birthday
2025-12-25,Himachal Pradesh,1,0,Christmas
2026-01-26,Himachal Pradesh,1,0,Republic Day
2026-03-04,Himachal Pradesh,1,0,Holi
2026-03-21,Himachal Pradesh,1,0,Eid al-Fitr
2026-03-26,Himachal Pradesh,1,0,Ram Navami
2026-03-31,Himachal Pradesh,1,0,Mahavira's Birthday
2026-04-03,Himachal Pradesh,1,0,Good Friday
2024-04-11,Jammu and Kashmir,1,0,Eid al-Fitr
2024-04-14,Jammu and Kashmir,1,0,Dr. B. R. Ambedkar's Birthday
2024-04-17,Jammu and Kashmir,1,0,Ram Navami
2024-04-21,Jammu and Kashmir,1,0,Mahavira's Birthday
2024-05-23,Jammu and Kashmir,1,0,Buddha Purnima
2024-06-17,Jammu and Kashmir,1,0,Eid al-Adha
2024-07-17,Jammu and Kashmir,1,0,Ashura
2024-08-15,Jammu and Kashmir,1,0,Independence Day
2024-08-26,Jammu and Kashmir,1,0,Janmashtami (Vaishnava)
2024-09-16,Jammu and Kashmir,1,0,Prophet's Birthday
2024-10-02,Jammu and Kashmir,1,0,Mahatma Gandhi's Birthday
2024-10-12,Jammu and Kashmir,1,0,Dussehra
2024-10-31,Jammu and Kashmir,1,0,Diwali (Deepavali)
2024-11-15,Jammu and Kashmir,1,0,Guru Nanak's Birthday
2024-12-25,Jammu and Kashmir,1,0,Christmas
2025-01-26,Jammu and Kashmir,1,0,Republic Day
2025-02-26,Jammu and Kashmir,1,0,Maha Shivaratri
2025-03-14,Jammu and Kashmir,1,0,Holi
2025-03-31,Jammu and Kashmir,1,0,Eid al-Fitr
2025-04-10,Jammu and Kashmir,1,0,Mahavira's Birthday
2025-04-14,Jammu and Kashmir,1,0,Dr. B. R. Ambedkar's Birthday
2025-04-18,Jammu and Kashmir,1,0,Good Friday
2025-05-12,Jammu and Kashmir,1,0,Buddha Purnima
2025-06-07,Jammu and Kashmir,1,0,Eid al-Adha
2025-07-06,Jammu and Kashmir,1,0,Ashura
2025-08-15,Jammu and Kashmir,1,0,Independence Day
2025-08-16,Jammu and Kashmir,1,0,Janmashtami (Vaishnava)
2025-09-05,Jammu and Kashmir,1,0,Prophet's Birthday
2025-10-02,Jammu and Kashmir,1,0,Dussehra; Mahatma Gandhi's Birthday
2025-10-20,Jammu and Kashmir,1,0,Diwali (Deepavali)
2025-11-05,Jammu and Kashmir,1,0,Guru Nanak's Birthday
2025-12-25,Jammu and Kashmir,1,0,Christmas
2026-01-26,Jammu and Kashmir,1,0,Republic Day
2026-03-04,Jammu and Kashmir,1,0,Holi
2026-03-21,Jammu and Kashmir,1,0,Eid al-Fitr
2026-03-26,Jammu and Kashmir,1,0,Ram Navami
2026-03-31,Jammu and Kashmir,1,0,Mahavira's Birthday
2026-04-03,Jammu and Kashmir,1,0,Good Friday
2024-04-11,Jharkhand,1,0,Eid al-Fitr
2024-04-14,Jharkhand,1,0,Dr. B. R. Ambedkar's Birthday
2024-04-17,Jharkhand,1,0,Ram Navami
2024-04-21,Jharkhand,1,0,Mahavira's Birthday
2024-05-23,Jharkhand,1,0,Buddha Purnima
2024-06-17,Jharkhand,1,0,Eid al-Adha
2024-07-17,Jharkhand,1,0,Ashura
2024-08-15,Jharkhand,1,0,Independence Day
2024-08-26,Jharkhand,1,0,Janmashtami (Vaishnava)
2024-09-16,Jharkhand,1,0,Prophet's Birthday
2024-10-02,Jharkhand,1,0,Mahatma Gandhi's Birthday
2024-10-12,Jharkhand,1,0,Dussehra
2024-10-31,Jharkhand,1,0,Diwali (Deepavali)
2024-11-07,Jharkhand,0,1,Chhath Puja
2024-11-15,Jharkhand,1,0,Guru Nanak's Birthday; Jharkhand Formation Day
2024-12-25,Jharkhand,1,0,Christmas
2025-01-26,Jharkhand,1,0,Republic Day
2025-02-26,Jharkhand,1,0,Maha Shivaratri
2025-03-14,Jharkhand,1,0,Holi
2025-03-31,Jharkhand,1,0,Eid al-Fitr
2025-04-10,Jharkhand,1,0,Mahavira's Birthday
2025-04-14,Jharkhand,1,0,Dr. B. R. Ambedkar's Birthday
2025-04-18,Jharkhand,1,0,Good Friday
2025-05-12,Jharkhand,1,0,Buddha Purnima
2025-06-07,Jharkhand,1,0,Eid al-Adha
2025-07-06,Jharkhand,1,0,Ashura
2025-08-15,Jharkhand,1,0,Independence Day
2025-08-16,Jharkhand,1,0,Janmashtami (Vaishnava)
2025-09-05,Jharkhand,1,0,Prophet's Birthday
2025-10-02,Jharkhand,1,0,Dussehra; Mahatma Gandhi's Birthday
2025-10-20,Jharkhand,1,0,Diwali (Deepavali)
2025-10-28,Jharkhand,0,1,Chhath Puja
2025-11-05,Jharkhand,1,0,Guru Nanak's Birthday
2025-11-15,Jharkhand,0,1,Jharkhand Formation Day
2025-12-25,Jharkhand,1,0,Christmas
2026-01-26,Jharkhand,1,0,Republic Day
2026-03-04,Jharkhand,1,0,Holi
2026-03-21,Jharkhand,1,0,Eid al-Fitr
2026-03-26,Jharkhand,1,0,Ram Navami
2026-03-31,Jharkhand,1,0,Mahavira's Birthday
2026-04-03,Jharkhand,1,0,Good Friday
2024-04-09,Karnataka,0,1,Ugadi
2024-04-11,Karnataka,1,0,Eid al-Fitr
2024-04-14,Karnataka,1,0,Dr. B. R. Ambedkar's Birthday
2024-04-17,Karnataka,1,0,Ram Navami
2024-04-21,Karnataka,1,0,Mahavira's Birthday
2024-05-23,Karnataka,1,0,Buddha Purnima
2024-06-17,Karnataka,1,0,Eid al-Adha
2024-07-17,Karnataka,1,0,Ashura
2024-08-15,Karnataka,1,0,Independence Day
2024-08-26,Karnataka,1,0,Janmashtami (Vaishnava)
2024-09-16,Karnataka,1,0,Prophet's Birthday
2024-10-02,Karnataka,1,0,Mahatma Gandhi's Birthday
2024-10-12,Karnataka,1,0,Dussehra
2024-10-31,Karnataka,1,0,Diwali (Deepavali)
2024-11-01,Karnataka,0,1,Karnataka Rajyotsava
2024-11-15,Karnataka,1,0,Guru Nanak's Birthday
2024-12-25,Karnataka,1,0,Christmas
2025-01-26,Karnataka,1,0,Republic Day
2025-02-26,Karnataka,1,0,Maha Shivaratri
2025-03-14,Karnataka,1,0,Holi
2025-03-30,Karnataka,0,1,Ugadi
2025-03-31,Karnataka,1,0,Eid al-Fitr
2025-04-10,Karnataka,1,0,Mahavira's Birthday
2025-04-14,Karnataka,1,0,Dr. B. R. Ambedkar's Birthday
2025-04-18,Karnataka,1,0,Good Friday
2025-05-12,Karnataka,1,0,Buddha Purnima
2025-06-07,Karnataka,1,0,Eid al-Adha
2025-07-06,Karnataka,1,0,Ashura
2025-08-15,Karnataka,1,0,Independence Day
2025-08-16,Karnataka,1,0,Janmashtami (Vaishnava)
2025-09-05,Karnataka,1,0,Prophet's Birthday
2025-10-02,Karnataka,1,0,Dussehra; Mahatma Gandhi's Birthday
2025-10-20,Karnataka,1,0,Diwali (Deepavali)
2025-11-01,Karnataka,0,1,Karnataka Rajyotsava
2025-11-05,Karnataka,1,0,Guru Nanak's Birthday
2025-12-25,Karnataka,1,0,Christmas
2026-01-26,Karnataka,1,0,Republic Day
2026-03-04,Karnataka,1,0,Holi
2026-03-19,Karnataka,0,1,Ugadi
2026-03-21,Karnataka,1,0,Eid al-Fitr
2026-03-26,Karnataka,1,0,Ram Navami
2026-03-31,Karnataka,1,0,Mahavira's Birthday
2026-04-03,Karnataka,1,0,Good Friday
2024-04-11,Kerala,1,0,Eid al-Fitr
2024-04-14,Kerala,1,0,Dr. B. R. Ambedkar's Birthday
2024-04-17,Kerala,1,0,Ram Navami
2024-04-21,Kerala,1,0,Mahavira's Birthday
2024-05-23,Kerala,1,0,Buddha Purnima
2024-06-17,Kerala,1,0,Eid al-Adha
2024-07-17,Kerala,1,0,Ashura
2024-08-15,Kerala,1,0,Independence Day
2024-08-26,Kerala,1,0,Janmashtami (Vaishnava)
2024-09-15,Kerala,0,1,Onam
2024-09-16,Kerala,1,0,Prophet's Birthday
2024-10-02,Kerala,1,0,Mahatma Gandhi's Birthday
2024-10-12,Kerala,1,0,Dussehra
2024-10-31,Kerala,1,0,Diwali (Deepavali)
2024-11-01,Kerala,0,1,Kerala Foundation Day
2024-11-15,Kerala,1,0,Guru Nanak's Birthday
2024-12-25,Kerala,1,0,Christmas
2025-01-26,Kerala,1,0,Republic Day
2025-02-26,Kerala,1,0,Maha Shivaratri
2025-03-14,Kerala,1,0,Holi
2025-03-31,Kerala,1,0,Eid al-Fitr
2025-04-10,Kerala,1,0,Mahavira's Birthday
2025-04-14,Kerala,1,0,Dr. B. R. Ambedkar's Birthday
2025-04-18,Kerala,1,0,Good Friday
2025-05-12,Kerala,1,0,Buddha Purnima
2025-06-07,Kerala,1,0,Eid al-Adha
2025-07-06,Kerala,1,0,Ashura
2025-08-15,Kerala,1,0,Independence Day
2025-08-16,Kerala,1,0,Janmashtami (Vaishnava)
2025-09-05,Kerala,1,0,Onam; Prophet's Birthday
2025-10-02,Kerala,1,0,Dussehra; Mahatma Gandhi's Birthday
2025-10-20,Kerala,1,0,Diwali (Deepavali)
2025-11-01,Kerala,0,1,Kerala Foundation Day
2025-11-05,Kerala,1,0,Guru Nanak's Birthday
2025-12-25,Kerala,1,0,Christmas
2026-01-26,Kerala,1,0,Republic Day
2026-03-04,Kerala,1,0,Holi
2026-03-21,Kerala,1,0,Eid al-Fitr
2026-03-26,Kerala,1,0,Ram Navami
2026-03-31,Kerala,1,0,Mahavira's Birthday
2026-04-03,Kerala,1,0,Good Friday
2024-04-11,Madhya Pradesh,1,0,Eid al-Fitr
2024-04-14,Madhya Pradesh,1,0,Dr. B. R. Ambedkar's Birthday
2024-04-17,Madhya Pradesh,1,0,Ram Navami
2024-04-21,Madhya Pradesh,1,0,Mahavira's Birthday
2024-05-23,Madhya Pradesh,1,0,Buddha Purnima
2024-06-17,Madhya Pradesh,1,0,Eid al-Adha
2024-07-17,Madhya Pradesh,1,0,Ashura
2024-08-15,Madhya Pradesh,1,0,Independence Day
2024-08-26,Madhya Pradesh,1,0,Janmashtami (Vaishnava)
2024-09-16,Madhya Pradesh,1,0,Prophet's Birthday
2024-10-02,Madhya Pradesh,1,0,Mahatma Gandhi's Birthday
2024-10-12,Madhya Pradesh,1,0,Dussehra
2024-10-31,Madhya Pradesh,1,0,Diwali (Deepavali)
2024-11-01,Madhya Pradesh,0,1,Madhya Pradesh Foundation Day
2024-11-15,Madhya Pradesh,1,0,Guru Nanak's Birthday
2024-12-25,Madhya Pradesh,1,0,Christmas
2025-01-26,Madhya Pradesh,1,0,Republic Day
2025-02-26,Madhya Pradesh,1,0,Maha Shivaratri
2025-03-14,Madhya Pradesh,1,0,Holi
2025-03-31,Madhya Pradesh,1,0,Eid al-Fitr
2025-04-10,Madhya Pradesh,1,0,Mahavira's Birthday
2025-04-14,Madhya Pradesh,1,0,Dr. B. R. Ambedkar's Birthday
2025-04-18,Madhya Pradesh,1,0,Good Friday
2025-05-12,Madhya Pradesh,1,0,Buddha Purnima
2025-06-07,Madhya Pradesh,1,0,Eid al-Adha
2025-07-06,Madhya Pradesh,1,0,Ashura
2025-08-15,Madhya Pradesh,1,0,Independence Day
2025-08-16,Madhya Pradesh,1,0,Janmashtami (Vaishnava)
2025-09-05,Madhya Pradesh,1,0,Prophet's Birthday
2025-10-02,Madhya Pradesh,1,0,Dussehra; Mahatma Gandhi's Birthday
2025-10-20,Madhya Pradesh,1,0,Diwali (Deepavali)
2025-11-01,Madhya Pradesh,0,1,Madhya Pradesh Foundation Day
2025-11-05,Madhya Pradesh,1,0,Guru Nanak's Birthday
2025-12-25,Madhya Pradesh,1,0,Christmas
2026-01-26,Madhya Pradesh,1,0,Republic Day
2026-03-04,Madhya Pradesh,1,0,Holi
2026-03-21,Madhya Pradesh,1,0,Eid al-Fitr
2026-03-26,Madhya Pradesh,1,0,Ram Navami
2026-03-31,Madhya Pradesh,1,0,Mahavira's Birthday
2026-04-03,Madhya Pradesh,1,0,Good Friday
2024-04-09,Maharashtra,0,1,Gudi Padwa
2024-04-11,Maharashtra,1,0,Eid al-Fitr
2024-04-14,Maharashtra,1,0,Dr. B. R. Ambedkar's Birthday
2024-04-17,Maharashtra,1,0,Ram Navami
2024-04-21,Maharashtra,1,0,Mahavira's Birthday
2024-05-01,Maharashtra,0,1,Maharashtra Day
2024-05-23,Maharashtra,1,0,Buddha Purnima
2024-06-17,Maharashtra,1,0,Eid al-Adha
2024-07-17,Maharashtra,1,0,Ashura
2024-08-15,Maharashtra,1,0,Independence Day; Parsi New Year (Shahenshahi)
2024-08-26,Maharashtra,1,0,Janmashtami (Vaishnava)
2024-09-16,Maharashtra,1,0,Prophet's Birthday
2024-10-02,Maharashtra,1,0,Mahatma Gandhi's Birthday
2024-10-12,Maharashtra,1,0,Dussehra
2024-10-31,Maharashtra,1,0,Diwali (Deepavali)
2024-11-15,Maharashtra,1,0,Guru Nanak's Birthday
2024-12-25,Maharashtra,1,0,Christmas
2025-01-26,Maharashtra,1,0,Republic Day
2025-02-19,Maharashtra,0,1,Chhatrapati Shivaji Maharaj Jayanti
2025-02-26,Maharashtra,1,0,Maha Shivaratri
2025-03-14,Maharashtra,1,0,Holi
2025-03-30,Maharashtra,0,1,Gudi Padwa
2025-03-31,Maharashtra,1,0,Eid al-Fitr
2025-04-10,Maharashtra,1,0,Mahavira's Birthday
2025-04-14,Maharashtra,1,0,Dr. B. R. Ambedkar's Birthday
2025-04-18,Maharashtra,1,0,Good Friday
2025-05-01,Maharashtra,0,1,Maharashtra Day
2025-05-12,Maharashtra,1,0,Buddha Purnima
2025-06-07,Maharashtra,1,0,Eid al-Adha
2025-07-06,Maharashtra,1,0,Ashura
2025-08-15,Maharashtra,1,0,Independence Day; Parsi New Year (Shahenshahi)
2025-08-16,Maharashtra,1,0,Janmashtami (Vaishnava)
2025-09-05,Maharashtra,1,0,Prophet's Birthday
2025-10-02,Maharashtra,1,0,Dussehra; Mahatma Gandhi's Birthday
2025-10-20,Maharashtra,1,0,Diwali (Deepavali)
2025-11-05,Maharashtra,1,0,Guru Nanak's Birthday
2025-12-25,Maharashtra,1,0,Christmas
2026-01-26,Maharashtra,1,0,Republic Day
2026-02-19,Maharashtra,0,1,Chhatrapati Shivaji Maharaj Jayanti
2026-03-03,Maharashtra,0,1,Holi
2026-03-04,Maharashtra,1,0,Holi
2026-03-19,Maharashtra,0,1,Gudi Padwa
2026-03-21,Maharashtra,1,0,Eid al-Fitr
2026-03-26,Maharashtra,1,0,Ram Navami
2026-03-31,Maharashtra,1,0,Mahavira's Birthday
2026-04-03,Maharashtra,1,0,Good Friday
2024-04-11,Manipur,1,0,Eid al-Fitr
2024-04-14,Manipur,1,0,Dr. B. R. Ambedkar's Birthday
2024-04-17,Manipur,1,0,Ram Navami
2024-04-21,Manipur,1,0,Mahavira's Birthday
2024-05-23,Manipur,1,0,Buddha Purnima
2024-06-17,Manipur,1,0,Eid al-Adha
2024-07-17,Manipur,1,0,Ashura
2024-08-15,Manipur,1,0,Independence Day
2024-08-26,Manipur,1,0,Janmashtami (Vaishnava)
2024-09-16,Manipur,1,0,Prophet's Birthday
2024-10-02,Manipur,1,0,Mahatma Gandhi's Birthday
2024-10-12,Manipur,1,0,Dussehra
2024-10-31,Manipur,1,0,Diwali (Deepavali)
2024-11-15,Manipur,1,0,Guru Nanak's Birthday
2024-12-25,Manipur,1,0,Christmas
2025-01-26,Manipur,1,0,Republic Day
2025-02-26,Manipur,1,0,Maha Shivaratri
2025-03-14,Manipur,1,0,Holi
2025-03-31,Manipur,1,0,Eid al-Fitr
2025-04-10,Manipur,1,0,Mahavira's Birthday
2025-04-14,Manipur,1,0,Dr. B. R. Ambedkar's Birthday
2025-04-18,Manipur,1,0,Good Friday
2025-05-12,Manipur,1,0,Buddha Purnima
2025-06-07,Manipur,1,0,Eid al-Adha
2025-07-06,Manipur,1,0,Ashura
2025-08-15,Manipur,1,0,Independence Day
2025-08-16,Manipur,1,0,Janmashtami (Vaishnava)
2025-09-05,Manipur,1,0,Prophet's Birthday
2025-10-02,Manipur,1,0,Dussehra; Mahatma Gandhi's Birthday
2025-10-20,Manipur,1,0,Diwali (Deepavali)
2025-11-05,Manipur,1,0,Guru Nanak's Birthday
2025-12-25,Manipur,1,0,Christmas
2026-01-26,Manipur,1,0,Republic Day
2026-03-04,Manipur,1,0,Holi
2026-03-21,Manipur,1,0,Eid al-Fitr
2026-03-26,Manipur,1,0,Ram Navami
2026-03-31,Manipur,1,0,Mahavira's Birthday
2026-04-03,Manipur,1,0,Good Friday
2024-04-11,Meghalaya,1,0,Eid al-Fitr
2024-04-14,Meghalaya,1,0,Dr. B. R. Ambedkar's Birthday
2024-04-17,Meghalaya,1,0,Ram Navami
2024-04-21,Meghalaya,1,0,Mahavira's Birthday
2024-05-23,Meghalaya,1,0,Buddha Purnima
2024-06-17,Meghalaya,1,0,Eid al-Adha
2024-07-17,Meghalaya,1,0,Ashura
2024-08-15,Meghalaya,1,0,Independence Day
2024-08-26,Meghalaya,1,0,Janmashtami (Vaishnava)
2024-09-16,Meghalaya,1,0,Prophet's Birthday
2024-10-02,Meghalaya,1,0,Mahatma Gandhi's Birthday
2024-10-12,Meghalaya,1,0,Dussehra
2024-10-31,Meghalaya,1,0,Diwali (Deepavali)
2024-11-15,Meghalaya,1,0,Guru Nanak's Birthday
2024-12-25,Meghalaya,1,0,Christmas
2025-01-26,Meghalaya,1,0,Republic Day
2025-02-26,Meghalaya,1,0,Maha Shivaratri
2025-03-14,Meghalaya,1,0,Holi
2025-03-31,Meghalaya,1,0,Eid al-Fitr
2025-04-10,Meghalaya,1,0,Mahavira's Birthday
2025-04-14,Meghalaya,1,0,Dr. B. R. Ambedkar's Birthday
2025-04-18,Meghalaya,1,0,Good Friday
2025-05-12,Meghalaya,1,0,Buddha Purnima
2025-06-07,Meghalaya,1,0,Eid al-Adha
2025-07-06,Meghalaya,1,0,Ashura
2025-08-15,Meghalaya,1,0,Independence Day
2025-08-16,Meghalaya,1,0,Janmashtami (Vaishnava)
2025-09-05,Meghalaya,1,0,Prophet's Birthday
2025-10-02,Meghalaya,1,0,Dussehra; Mahatma Gandhi's Birthday
2025-10-20,Meghalaya,1,0,Diwali (Deepavali)
2025-11-05,Meghalaya,1,0,Guru Nanak's Birthday
2025-12-25,Meghalaya,1,0,Christmas
2026-01-26,Meghalaya,1,0,Republic Day
2026-03-04,Meghalaya,1,0,Holi
2026-03-21,Meghalaya,1,0,Eid al-Fitr
2026-03-26,Meghalaya,1,0,Ram Navami
2026-03-31,Meghalaya,1,0,Mahavira's Birthday
2026-04-03,Meghalaya,1,0,Good Friday
2024-04-11,Mizoram,1,0,Eid al-Fitr
2024-04-14,Mizoram,1,0,Dr. B. R. Ambedkar's Birthday
2024-04-17,Mizoram,1,0,Ram Navami
2024-04-21,Mizoram,1,0,Mahavira's Birthday
2024-05-23,Mizoram,1,0,Buddha Purnima
2024-06-17,Mizoram,1,0,Eid al-Adha
2024-07-17,Mizoram,1,0,Ashura
2024-08-15,Mizoram,1,0,Independence Day
2024-08-26,Mizoram,1,0,Janmashtami (Vaishnava)
2024-09-16,Mizoram,1,0,Prophet's Birthday
2024-10-02,Mizoram,1,0,Mahatma Gandhi's Birthday
2024-10-12,Mizoram,1,0,Dussehra
2024-10-31,Mizoram,1,0,Diwali (Deepavali)
2024-11-15,Mizoram,1,0,Guru Nanak's Birthday
2024-12-25,Mizoram,1,0,Christmas
2025-01-26,Mizoram,1,0,Republic Day
2025-02-20,Mizoram,0,1,Mizoram State Day
2025-02-26,Mizoram,1,0,Maha Shivaratri
2025-03-14,Mizoram,1,0,Holi
2025-03-31,Mizoram,1,0,Eid al-Fitr
2025-04-10,Mizoram,1,0,Mahavira's Birthday
2025-04-14,Mizoram,1,0,Dr. B. R. Ambedkar's Birthday
2025-04-18,Mizoram,1,0,Good Friday
2025-05-12,Mizoram,1,0,Buddha Purnima
2025-06-07,Mizoram,1,0,Eid al-Adha
2025-07-06,Mizoram,1,0,Ashura
2025-08-15,Mizoram,1,0,Independence Day
2025-08-16,Mizoram,1,0,Janmashtami (Vaishnava)
2025-09-05,Mizoram,1,0,Prophet's Birthday
2025-10-02,Mizoram,1,0,Dussehra; Mahatma Gandhi's Birthday
2025-10-20,Mizoram,1,0,Diwali (Deepavali)
2025-11-05,Mizoram,1,0,Guru Nanak's Birthday
2025-12-25,Mizoram,1,0,Christmas
2026-01-26,Mizoram,1,0,Republic Day
2026-02-20,Mizoram,0,1,Mizoram State Day
2026-03-04,Mizoram,1,0,Holi
2026-03-21,Mizoram,1,0,Eid al-Fitr
2026-03-26,Mizoram,1,0,Ram Navami
2026-03-31,Mizoram,1,0,Mahavira's Birthday
2026-04-03,Mizoram,1,0,Good Friday
2024-04-11,Nagaland,1,0,Eid al-Fitr
2024-04-14,Nagaland,1,0,Dr. B. R. Ambedkar's Birthday
2024-04-17,Nagaland,1,0,Ram Navami
2024-04-21,Nagaland,1,0,Mahavira's Birthday
2024-05-23,Nagaland,1,0,Buddha Purnima
2024-06-17,Nagaland,1,0,Eid al-Adha
2024-07-17,Nagaland,1,0,Ashura
2024-08-15,Nagaland,1,0,Independence Day
2024-08-26,Nagaland,1,0,Janmashtami (Vaishnava)
2024-09-16,Nagaland,1,0,Prophet's Birthday
2024-10-02,Nagaland,1,0,Mahatma Gandhi's Birthday
2024-10-12,Nagaland,1,0,Dussehra
2024-10-31,Nagaland,1,0,Diwali (Deepavali)
2024-11-15,Nagaland,1,0,Guru Nanak's Birthday
2024-12-01,Nagaland,0,1,Nagaland State Inauguration Day
2024-12-25,Nagaland,1,0,Christmas
2025-01-26,Nagaland,1,0,Republic Day
2025-02-26,Nagaland,1,0,Maha Shivaratri
2025-03-14,Nagaland,1,0,Holi
2025-03-31,Nagaland,1,0,Eid al-Fitr
2025-04-10,Nagaland,1,0,Mahavira's Birthday
2025-04-14,Nagaland,1,0,Dr. B. R. Ambedkar's Birthday
2025-04-18,Nagaland,1,0,Good Friday
2025-05-12,Nagaland,1,0,Buddha Purnima
2025-06-07,Nagaland,1,0,Eid al-Adha
2025-07-06,Nagaland,1,0,Ashura
2025-08-15,Nagaland,1,0,Independence Day
2025-08-16,Nagaland,1,0,Janmashtami (Vaishnava)
2025-09-05,Nagaland,1,0,Prophet's Birthday
2025-10-02,Nagaland,1,0,Dussehra; Mahatma Gandhi's Birthday
2025-10-20,Nagaland,1,0,Diwali (Deepavali)
2025-11-05,Nagaland,1,0,Guru Nanak's Birthday
2025-12-01,Nagaland,0,1,Nagaland State Inauguration Day
2025-12-25,Nagaland,1,0,Christmas
2026-01-26,Nagaland,1,0,Republic Day
2026-03-04,Nagaland,1,0,Holi
2026-03-21,Nagaland,1,0,Eid al-Fitr
2026-03-26,Nagaland,1,0,Ram Navami
2026-03-31,Nagaland,1,0,Mahavira's Birthday
2026-04-03,Nagaland,1,0,Good Friday
2024-04-01,Odisha,0,1,Odisha Day (Utkala Dibasa)
2024-04-11,Odisha,1,0,Eid al-Fitr
2024-04-14,Odisha,1,0,Dr. B. R. Ambedkar's Birthday
2024-04-15,Odisha,0,1,Maha Vishuva Sankranti / Pana Sankranti
2024-04-17,Odisha,1,0,Ram Navami
2024-04-21,Odisha,1,0,Mahavira's Birthday
2024-05-23,Odisha,1,0,Buddha Purnima
2024-06-17,Odisha,1,0,Eid al-Adha
2024-07-17,Odisha,1,0,Ashura
2024-08-15,Odisha,1,0,Independence Day
2024-08-26,Odisha,1,0,Janmashtami (Vaishnava)
2024-09-16,Odisha,1,0,Prophet's Birthday
2024-10-02,Odisha,1,0,Mahatma Gandhi's Birthday
2024-10-12,Odisha,1,0,Dussehra
2024-10-31,Odisha,1,0,Diwali (Deepavali)
2024-11-15,Odisha,1,0,Guru Nanak's Birthday
2024-12-25,Odisha,1,0,Christmas
2025-01-26,Odisha,1,0,Republic Day
2025-02-26,Odisha,1,0,Maha Shivaratri
2025-03-14,Odisha,1,0,Holi
2025-03-31,Odisha,1,0,Eid al-Fitr
2025-04-01,Odisha,0,1,Odisha Day (Utkala Dibasa)
2025-04-10,Odisha,1,0,Mahavira's Birthday
2025-04-14,Odisha,1,0,Dr. B. R. Ambedkar's Birthday
2025-04-15,Odisha,0,1,Maha Vishuva Sankranti / Pana Sankranti
2025-04-18,Odisha,1,0,Good Friday
2025-05-12,Odisha,1,0,Buddha Purnima
2025-06-07,Odisha,1,0,Eid al-Adha
2025-07-06,Odisha,1,0,Ashura
2025-08-15,Odisha,1,0,Independence Day
2025-08-16,Odisha,1,0,Janmashtami (Vaishnava)
2025-09-05,Odisha,1,0,Prophet's Birthday
2025-10-02,Odisha,1,0,Dussehra; Mahatma Gandhi's Birthday
2025-10-20,Odisha,1,0,Diwali (Deepavali)
2025-11-05,Odisha,1,0,Guru Nanak's Birthday
2025-12-25,Odisha,1,0,Christmas
2026-01-26,Odisha,1,0,Republic Day
2026-03-04,Odisha,1,0,Holi
2026-03-21,Odisha,1,0,Eid al-Fitr
2026-03-26,Odisha,1,0,Ram Navami
2026-03-31,Odisha,1,0,Mahavira's Birthday
2026-04-01,Odisha,0,1,Odisha Day (Utkala Dibasa)
2026-04-03,Odisha,1,0,Good Friday
2024-04-11,Puducherry,1,0,Eid al-Fitr
2024-04-14,Puducherry,1,0,Dr. B. R. Ambedkar's Birthday
2024-04-17,Puducherry,1,0,Ram Navami
2024-04-21,Puducherry,1,0,Mahavira's Birthday
2024-05-23,Puducherry,1,0,Buddha Purnima
2024-06-17,Puducherry,1,0,Eid al-Adha
2024-07-17,Puducherry,1,0,Ashura
2024-08-15,Puducherry,1,0,Independence Day
2024-08-16,Puducherry,0,1,Puducherry De Jure Transfer Day
2024-08-26,Puducherry,1,0,Janmashtami (Vaishnava)
2024-09-16,Puducherry,1,0,Prophet's Birthday
2024-10-02,Puducherry,1,0,Mahatma Gandhi's Birthday
2024-10-12,Puducherry,1,0,Dussehra
2024-10-31,Puducherry,1,0,Diwali (Deepavali)
2024-11-01,Puducherry,0,1,Puducherry Liberation Day
2024-11-15,Puducherry,1,0,Guru Nanak's Birthday
2024-12-25,Puducherry,1,0,Christmas
2025-01-26,Puducherry,1,0,Republic Day
2025-02-26,Puducherry,1,0,Maha Shivaratri
2025-03-14,Puducherry,1,0,Holi
2025-03-31,Puducherry,1,0,Eid al-Fitr
2025-04-10,Puducherry,1,0,Mahavira's Birthday
2025-04-14,Puducherry,1,0,Dr. B. R. Ambedkar's Birthday
2025-04-18,Puducherry,1,0,Good Friday
2025-05-12,Puducherry,1,0,Buddha Purnima
2025-06-07,Puducherry,1,0,Eid al-Adha
2025-07-06,Puducherry,1,0,Ashura
2025-08-15,Puducherry,1,0,Independence Day
2025-08-16,Puducherry,1,0,Janmashtami (Vaishnava); Puducherry De Jure Transfer Day
2025-09-05,Puducherry,1,0,Prophet's Birthday
2025-10-02,Puducherry,1,0,Dussehra; Mahatma Gandhi's Birthday
2025-10-20,Puducherry,1,0,Diwali (Deepavali)
2025-11-01,Puducherry,0,1,Puducherry Liberation Day
2025-11-05,Puducherry,1,0,Guru Nanak's Birthday
2025-12-25,Puducherry,1,0,Christmas
2026-01-26,Puducherry,1,0,Republic Day
2026-03-04,Puducherry,1,0,Holi
2026-03-21,Puducherry,1,0,Eid al-Fitr
2026-03-26,Puducherry,1,0,Ram Navami
2026-03-31,Puducherry,1,0,Mahavira's Birthday
2026-04-03,Puducherry,1,0,Good Friday
2024-04-11,Punjab,1,0,Eid al-Fitr
2024-04-13,Punjab,0,1,Vaisakhi
2024-04-14,Punjab,1,0,Dr. B. R. Ambedkar's Birthday
2024-04-17,Punjab,1,0,Ram Navami
2024-04-21,Punjab,1,0,Mahavira's Birthday
2024-05-23,Punjab,1,0,Buddha Purnima
2024-06-17,Punjab,1,0,Eid al-Adha
2024-07-17,Punjab,1,0,Ashura
2024-08-15,Punjab,1,0,Independence Day
2024-08-26,Punjab,1,0,Janmashtami (Vaishnava)
2024-09-16,Punjab,1,0,Prophet's Birthday
2024-10-02,Punjab,1,0,Mahatma Gandhi's Birthday
2024-10-12,Punjab,1,0,Dussehra
2024-10-31,Punjab,1,0,Diwali (Deepavali)
2024-11-01,Punjab,0,1,New Punjab Day
2024-11-15,Punjab,1,0,Guru Nanak's Birthday
2024-12-25,Punjab,1,0,Christmas
2025-01-06,Punjab,0,1,Guru Gobind Singh Jayanti
2025-01-13,Punjab,0,1,Lohri
2025-01-26,Punjab,1,0,Republic Day
2025-02-26,Punjab,1,0,Maha Shivaratri
2025-03-14,Punjab,1,0,Holi
2025-03-31,Punjab,1,0,Eid al-Fitr
2025-04-10,Punjab,1,0,Mahavira's Birthday
2025-04-13,Punjab,0,1,Vaisakhi
2025-04-14,Punjab,1,0,Dr. B. R. Ambedkar's Birthday
2025-04-18,Punjab,1,0,Good Friday
2025-05-12,Punjab,1,0,Buddha Purnima
2025-06-07,Punjab,1,0,Eid al-Adha
2025-07-06,Punjab,1,0,Ashura
2025-08-15,Punjab,1,0,Independence Day
2025-08-16,Punjab,1,0,Janmashtami (Vaishnava)
2025-09-05,Punjab,1,0,Prophet's Birthday
2025-10-02,Punjab,1,0,Dussehra; Mahatma Gandhi's Birthday
2025-10-20,Punjab,1,0,Diwali (Deepavali)
2025-11-01,Punjab,0,1,New Punjab Day
2025-11-05,Punjab,1,0,Guru Nanak's Birthday
2025-12-25,Punjab,1,0,Christmas
2025-12-27,Punjab,0,1,Guru Gobind Singh Jayanti
2026-01-13,Punjab,0,1,Lohri
2026-01-26,Punjab,1,0,Republic Day
2026-03-04,Punjab,1,0,Holi
2026-03-21,Punjab,1,0,Eid al-Fitr
2026-03-26,Punjab,1,0,Ram Navami
2026-03-31,Punjab,1,0,Mahavira's Birthday
2026-04-03,Punjab,1,0,Good Friday
2024-04-11,Rajasthan,1,0,Eid al-Fitr
2024-04-14,Rajasthan,1,0,Dr. B. R. Ambedkar's Birthday
2024-04-17,Rajasthan,1,0,Ram Navami
2024-04-21,Rajasthan,1,0,Mahavira's Birthday
2024-05-23,Rajasthan,1,0,Buddha Purnima
2024-06-09,Rajasthan,0,1,Maharana Pratap Jayanti
2024-06-17,Rajasthan,1,0,Eid al-Adha
2024-07-17,Rajasthan,1,0,Ashura
2024-08-15,Rajasthan,1,0,Independence Day
2024-08-26,Rajasthan,1,0,Janmashtami (Vaishnava)
2024-09-16,Rajasthan,1,0,Prophet's Birthday
2024-10-02,Rajasthan,1,0,Mahatma Gandhi's Birthday
2024-10-12,Rajasthan,1,0,Dussehra
2024-10-31,Rajasthan,1,0,Diwali (Deepavali)
2024-11-15,Rajasthan,1,0,Guru Nanak's Birthday
2024-12-25,Rajasthan,1,0,Christmas
2025-01-26,Rajasthan,1,0,Republic Day
2025-02-26,Rajasthan,1,0,Maha Shivaratri
2025-03-14,Rajasthan,1,0,Holi
2025-03-30,Rajasthan,0,1,Rajasthan Day
2025-03-31,Rajasthan,1,0,Eid al-Fitr
2025-04-10,Rajasthan,1,0,Mahavira's Birthday
2025-04-14,Rajasthan,1,0,Dr. B. R. Ambedkar's Birthday
2025-04-18,Rajasthan,1,0,Good Friday
2025-05-12,Rajasthan,1,0,Buddha Purnima
2025-05-29,Rajasthan,0,1,Maharana Pratap Jayanti
2025-06-07,Rajasthan,1,0,Eid al-Adha
2025-07-06,Rajasthan,1,0,Ashura
2025-08-15,Rajasthan,1,0,Independence Day
2025-08-16,Rajasthan,1,0,Janmashtami (Vaishnava)
2025-09-05,Rajasthan,1,0,Prophet's Birthday
2025-10-02,Rajasthan,1,0,Dussehra; Mahatma Gandhi's Birthday
2025-10-20,Rajasthan,1,0,Diwali (Deepavali)
2025-11-05,Rajasthan,1,0,Guru Nanak's Birthday
2025-12-25,Rajasthan,1,0,Christmas
2026-01-26,Rajasthan,1,0,Republic Day
2026-03-04,Rajasthan,1,0,Holi
2026-03-21,Rajasthan,1,0,Eid al-Fitr
2026-03-26,Rajasthan,1,0,Ram Navami
2026-03-30,Rajasthan,0,1,Rajasthan Day
2026-03-31,Rajasthan,1,0,Mahavira's Birthday
2026-04-03,Rajasthan,1,0,Good Friday
2024-04-11,Sikkim,1,0,Eid al-Fitr
2024-04-14,Sikkim,1,0,Dr. B. R. Ambedkar's Birthday
2024-04-17,Sikkim,1,0,Ram Navami
2024-04-21,Sikkim,1,0,Mahavira's Birthday
2024-05-16,Sikkim,0,1,Sikkim State Day
2024-05-23,Sikkim,1,0,Buddha Purnima
2024-06-17,Sikkim,1,0,Eid al-Adha
2024-07-17,Sikkim,1,0,Ashura
2024-08-15,Sikkim,1,0,Independence Day
2024-08-26,Sikkim,1,0,Janmashtami (Vaishnava)
2024-09-16,Sikkim,1,0,Prophet's Birthday
2024-10-02,Sikkim,1,0,Mahatma Gandhi's Birthday
2024-10-12,Sikkim,1,0,Dussehra
2024-10-31,Sikkim,1,0,Diwali (Deepavali)
2024-11-15,Sikkim,1,0,Guru Nanak's Birthday
2024-12-25,Sikkim,1,0,Christmas
2025-01-26,Sikkim,1,0,Republic Day
2025-02-26,Sikkim,1,0,Maha Shivaratri
2025-03-14,Sikkim,1,0,Holi
2025-03-31,Sikkim,1,0,Eid al-Fitr
2025-04-10,Sikkim,1,0,Mahavira's Birthday
2025-04-14,Sikkim,1,0,Dr. B. R. Ambedkar's Birthday
2025-04-18,Sikkim,1,0,Good Friday
2025-05-12,Sikkim,1,0,Buddha Purnima
2025-05-16,Sikkim,0,1,Sikkim State Day
2025-06-07,Sikkim,1,0,Eid al-Adha
2025-07-06,Sikkim,1,0,Ashura
2025-08-15,Sikkim,1,0,Independence Day
2025-08-16,Sikkim,1,0,Janmashtami (Vaishnava)
2025-09-05,Sikkim,1,0,Prophet's Birthday
2025-10-02,Sikkim,1,0,Dussehra; Mahatma Gandhi's Birthday
2025-10-20,Sikkim,1,0,Diwali (Deepavali)
2025-11-05,Sikkim,1,0,Guru Nanak's Birthday
2025-12-25,Sikkim,1,0,Christmas
2026-01-26,Sikkim,1,0,Republic Day
2026-03-04,Sikkim,1,0,Holi
2026-03-21,Sikkim,1,0,Eid al-Fitr
2026-03-26,Sikkim,1,0,Ram Navami
2026-03-31,Sikkim,1,0,Mahavira's Birthday
2026-04-03,Sikkim,1,0,Good Friday
2024-04-11,Tamil Nadu,1,0,Eid al-Fitr
2024-04-14,Tamil Nadu,1,0,Dr. B. R. Ambedkar's Birthday; Puthandu (Tamil New Year)
2024-04-17,Tamil Nadu,1,0,Ram Navami
2024-04-21,Tamil Nadu,1,0,Mahavira's Birthday
2024-05-23,Tamil Nadu,1,0,Buddha Purnima
2024-06-17,Tamil Nadu,1,0,Eid al-Adha
2024-07-17,Tamil Nadu,1,0,Ashura
2024-08-15,Tamil Nadu,1,0,Independence Day
2024-08-26,Tamil Nadu,1,0,Janmashtami (Vaishnava)
2024-09-16,Tamil Nadu,1,0,Prophet's Birthday
2024-10-02,Tamil Nadu,1,0,Mahatma Gandhi's Birthday
2024-10-12,Tamil Nadu,1,0,Dussehra
2024-10-31,Tamil Nadu,1,0,Diwali (Deepavali)
2024-11-15,Tamil Nadu,1,0,Guru Nanak's Birthday
2024-12-25,Tamil Nadu,1,0,Christmas
2025-01-14,Tamil Nadu,0,1,Pongal
2025-01-15,Tamil Nadu,0,1,Thiruvalluvar Day / Mattu Pongal
2025-01-16,Tamil Nadu,0,1,Uzhavar Thirunal
2025-01-26,Tamil Nadu,1,0,Republic Day
2025-02-26,Tamil Nadu,1,0,Maha Shivaratri
2025-03-14,Tamil Nadu,1,0,Holi
2025-03-31,Tamil Nadu,1,0,Eid al-Fitr
2025-04-10,Tamil Nadu,1,0,Mahavira's Birthday
2025-04-14,Tamil Nadu,1,0,Dr. B. R. Ambedkar's Birthday; Puthandu (Tamil New Year)
2025-04-18,Tamil Nadu,1,0,Good Friday
2025-05-12,Tamil Nadu,1,0,Buddha Purnima
2025-06-07,Tamil Nadu,1,0,Eid al-Adha
2025-07-06,Tamil Nadu,1,0,Ashura
2025-08-15,Tamil Nadu,1,0,Independence Day
2025-08-16,Tamil Nadu,1,0,Janmashtami (Vaishnava)
2025-09-05,Tamil Nadu,1,0,Prophet's Birthday
2025-10-02,Tamil Nadu,1,0,Dussehra; Mahatma Gandhi's Birthday
2025-10-20,Tamil Nadu,1,0,Diwali (Deepavali)
2025-11-05,Tamil Nadu,1,0,Guru Nanak's Birthday
2025-12-25,Tamil Nadu,1,0,Christmas
2026-01-14,Tamil Nadu,0,1,Pongal
2026-01-15,Tamil Nadu,0,1,Thiruvalluvar Day / Mattu Pongal
2026-01-16,Tamil Nadu,0,1,Uzhavar Thirunal
2026-01-26,Tamil Nadu,1,0,Republic Day
2026-03-04,Tamil Nadu,1,0,Holi
2026-03-21,Tamil Nadu,1,0,Eid al-Fitr
2026-03-26,Tamil Nadu,1,0,Ram Navami
2026-03-31,Tamil Nadu,1,0,Mahavira's Birthday
2026-04-03,Tamil Nadu,1,0,Good Friday
2024-04-09,Telangana,0,1,Ugadi
2024-04-11,Telangana,1,0,Eid al-Fitr
2024-04-14,Telangana,1,0,Dr. B. R. Ambedkar's Birthday
2024-04-17,Telangana,1,0,Ram Navami
2024-04-21,Telangana,1,0,Mahavira's Birthday
2024-05-23,Telangana,1,0,Buddha Purnima
2024-06-02,Telangana,0,1,Telangana Formation Day
2024-06-17,Telangana,1,0,Eid al-Adha
2024-07-17,Telangana,1,0,Ashura
2024-07-29,Telangana,0,1,Bonalu
2024-08-15,Telangana,1,0,Independence Day
2024-08-26,Telangana,1,0,Janmashtami (Vaishnava)
2024-09-16,Telangana,1,0,Prophet's Birthday
2024-10-02,Telangana,1,0,Bathukamma Festival; Mahatma Gandhi's Birthday
2024-10-12,Telangana,1,0,Dussehra
2024-10-31,Telangana,1,0,Diwali (Deepavali)
2024-11-15,Telangana,1,0,Guru Nanak's Birthday
2024-12-25,Telangana,1,0,Christmas
2025-01-26,Telangana,1,0,Republic Day
2025-02-26,Telangana,1,0,Maha Shivaratri
2025-03-14,Telangana,1,0,Holi
2025-03-30,Telangana,0,1,Ugadi
2025-03-31,Telangana,1,0,Eid al-Fitr
2025-04-10,Telangana,1,0,Mahavira's Birthday
2025-04-14,Telangana,1,0,Dr. B. R. Ambedkar's Birthday
2025-04-18,Telangana,1,0,Good Friday
2025-05-12,Telangana,1,0,Buddha Purnima
2025-06-02,Telangana,0,1,Telangana Formation Day
2025-06-07,Telangana,1,0,Eid al-Adha
2025-07-06,Telangana,1,0,Ashura
2025-07-21,Telangana,0,1,Bonalu
2025-08-15,Telangana,1,0,Independence Day
2025-08-16,Telangana,1,0,Janmashtami (Vaishnava)
2025-09-05,Telangana,1,0,Prophet's Birthday
2025-09-21,Telangana,0,1,Bathukamma Festival
2025-10-02,Telangana,1,0,Dussehra; Mahatma Gandhi's Birthday
2025-10-20,Telangana,1,0,Diwali (Deepavali)
2025-11-05,Telangana,1,0,Guru Nanak's Birthday
2025-12-25,Telangana,1,0,Christmas
2026-01-26,Telangana,1,0,Republic Day
2026-03-04,Telangana,1,0,Holi
2026-03-19,Telangana,0,1,Ugadi
2026-03-21,Telangana,1,0,Eid al-Fitr
2026-03-26,Telangana,1,0,Ram Navami
2026-03-31,Telangana,1,0,Mahavira's Birthday
2026-04-03,Telangana,1,0,Good Friday
2024-04-11,Tripura,1,0,Eid al-Fitr
2024-04-14,Tripura,1,0,Dr. B. R. Ambedkar's Birthday
2024-04-17,Tripura,1,0,Ram Navami
2024-04-21,Tripura,1,0,Mahavira's Birthday
2024-05-23,Tripura,1,0,Buddha Purnima
2024-06-17,Tripura,1,0,Eid al-Adha
2024-07-17,Tripura,1,0,Ashura
2024-08-15,Tripura,1,0,Independence Day
2024-08-26,Tripura,1,0,Janmashtami (Vaishnava)
2024-09-16,Tripura,1,0,Prophet's Birthday
2024-10-02,Tripura,1,0,Mahatma Gandhi's Birthday
2024-10-12,Tripura,1,0,Dussehra
2024-10-31,Tripura,1,0,Diwali (Deepavali)
2024-11-15,Tripura,1,0,Guru Nanak's Birthday
2024-12-25,Tripura,1,0,Christmas
2025-01-26,Tripura,1,0,Republic Day
2025-02-26,Tripura,1,0,Maha Shivaratri
2025-03-14,Tripura,1,0,Holi
2025-03-31,Tripura,1,0,Eid al-Fitr
2025-04-10,Tripura,1,0,Mahavira's Birthday
2025-04-14,Tripura,1,0,Dr. B. R. Ambedkar's Birthday
2025-04-18,Tripura,1,0,Good Friday
2025-05-12,Tripura,1,0,Buddha Purnima
2025-06-07,Tripura,1,0,Eid al-Adha
2025-07-06,Tripura,1,0,Ashura
2025-08-15,Tripura,1,0,Independence Day
2025-08-16,Tripura,1,0,Janmashtami (Vaishnava)
2025-09-05,Tripura,1,0,Prophet's Birthday
2025-10-02,Tripura,1,0,Dussehra; Mahatma Gandhi's Birthday
2025-10-20,Tripura,1,0,Diwali (Deepavali)
2025-11-05,Tripura,1,0,Guru Nanak's Birthday
2025-12-25,Tripura,1,0,Christmas
2026-01-26,Tripura,1,0,Republic Day
2026-03-04,Tripura,1,0,Holi
2026-03-21,Tripura,1,0,Eid al-Fitr
2026-03-26,Tripura,1,0,Ram Navami
2026-03-31,Tripura,1,0,Mahavira's Birthday
2026-04-03,Tripura,1,0,Good Friday
2024-04-11,Uttar Pradesh,1,0,Eid al-Fitr
2024-04-14,Uttar Pradesh,1,0,Dr. B. R. Ambedkar's Birthday
2024-04-17,Uttar Pradesh,1,0,Ram Navami
2024-04-21,Uttar Pradesh,1,0,Mahavira's Birthday
2024-05-23,Uttar Pradesh,1,0,Buddha Purnima
2024-06-17,Uttar Pradesh,1,0,Eid al-Adha
2024-07-17,Uttar Pradesh,1,0,Ashura
2024-08-15,Uttar Pradesh,1,0,Independence Day
2024-08-26,Uttar Pradesh,1,0,Janmashtami (Vaishnava)
2024-09-16,Uttar Pradesh,1,0,Prophet's Birthday
2024-10-02,Uttar Pradesh,1,0,Mahatma Gandhi's Birthday
2024-10-12,Uttar Pradesh,1,0,Dussehra
2024-10-31,Uttar Pradesh,1,0,Diwali (Deepavali)
2024-11-07,Uttar Pradesh,0,1,Chhath Puja
2024-11-15,Uttar Pradesh,1,0,Guru Nanak's Birthday
2024-12-25,Uttar Pradesh,1,0,Christmas
2025-01-24,Uttar Pradesh,0,1,UP Formation Day
2025-01-26,Uttar Pradesh,1,0,Republic Day
2025-02-26,Uttar Pradesh,1,0,Maha Shivaratri
2025-03-14,Uttar Pradesh,1,0,Holi
2025-03-31,Uttar Pradesh,1,0,Eid al-Fitr
2025-04-10,Uttar Pradesh,1,0,Mahavira's Birthday
2025-04-14,Uttar Pradesh,1,0,Dr. B. R. Ambedkar's Birthday
2025-04-18,Uttar Pradesh,1,0,Good Friday
2025-05-12,Uttar Pradesh,1,0,Buddha Purnima
2025-06-07,Uttar Pradesh,1,0,Eid al-Adha
2025-07-06,Uttar Pradesh,1,0,Ashura
2025-08-15,Uttar Pradesh,1,0,Independence Day
2025-08-16,Uttar Pradesh,1,0,Janmashtami (Vaishnava)
2025-09-05,Uttar Pradesh,1,0,Prophet's Birthday
2025-10-02,Uttar Pradesh,1,0,Dussehra; Mahatma Gandhi's Birthday
2025-10-20,Uttar Pradesh,1,0,Diwali (Deepavali)
2025-10-28,Uttar Pradesh,0,1,Chhath Puja
2025-11-05,Uttar Pradesh,1,0,Guru Nanak's Birthday
2025-12-25,Uttar Pradesh,1,0,Christmas
2026-01-24,Uttar Pradesh,0,1,UP Formation Day
2026-01-26,Uttar Pradesh,1,0,Republic Day
2026-03-04,Uttar Pradesh,1,0,Holi
2026-03-21,Uttar Pradesh,1,0,Eid al-Fitr
2026-03-26,Uttar Pradesh,1,0,Ram Navami
2026-03-31,Uttar Pradesh,1,0,Mahavira's Birthday
2026-04-03,Uttar Pradesh,1,0,Good Friday
2024-04-11,Uttarakhand,1,0,Eid al-Fitr
2024-04-14,Uttarakhand,1,0,Dr. B. R. Ambedkar's Birthday
2024-04-17,Uttarakhand,1,0,Ram Navami
2024-04-21,Uttarakhand,1,0,Mahavira's Birthday
2024-05-23,Uttarakhand,1,0,Buddha Purnima
2024-06-17,Uttarakhand,1,0,Eid al-Adha
2024-07-17,Uttarakhand,1,0,Ashura
2024-08-15,Uttarakhand,1,0,Independence Day
2024-08-26,Uttarakhand,1,0,Janmashtami (Vaishnava)
2024-09-16,Uttarakhand,1,0,Prophet's Birthday
2024-10-02,Uttarakhand,1,0,Mahatma Gandhi's Birthday
2024-10-12,Uttarakhand,1,0,Dussehra
2024-10-31,Uttarakhand,1,0,Diwali (Deepavali)
2024-11-15,Uttarakhand,1,0,Guru Nanak's Birthday
2024-12-25,Uttarakhand,1,0,Christmas
2025-01-26,Uttarakhand,1,0,Republic Day
2025-02-26,Uttarakhand,1,0,Maha Shivaratri
2025-03-14,Uttarakhand,1,0,Holi
2025-03-31,Uttarakhand,1,0,Eid al-Fitr
2025-04-10,Uttarakhand,1,0,Mahavira's Birthday
2025-04-14,Uttarakhand,1,0,Dr. B. R. Ambedkar's Birthday
2025-04-18,Uttarakhand,1,0,Good Friday
2025-05-12,Uttarakhand,1,0,Buddha Purnima
2025-06-07,Uttarakhand,1,0,Eid al-Adha
2025-07-06,Uttarakhand,1,0,Ashura
2025-08-15,Uttarakhand,1,0,Independence Day
2025-08-16,Uttarakhand,1,0,Janmashtami (Vaishnava)
2025-09-05,Uttarakhand,1,0,Prophet's Birthday
2025-10-02,Uttarakhand,1,0,Dussehra; Mahatma Gandhi's Birthday
2025-10-20,Uttarakhand,1,0,Diwali (Deepavali)
2025-11-05,Uttarakhand,1,0,Guru Nanak's Birthday
2025-12-25,Uttarakhand,1,0,Christmas
2026-01-26,Uttarakhand,1,0,Republic Day
2026-03-04,Uttarakhand,1,0,Holi
2026-03-21,Uttarakhand,1,0,Eid al-Fitr
2026-03-26,Uttarakhand,1,0,Ram Navami
2026-03-31,Uttarakhand,1,0,Mahavira's Birthday
2026-04-03,Uttarakhand,1,0,Good Friday
2024-04-11,West Bengal,1,0,Eid al-Fitr
2024-04-14,West Bengal,1,0,Dr. B. R. Ambedkar's Birthday
2024-04-15,West Bengal,0,1,Pohela Boishakh
2024-04-17,West Bengal,1,0,Ram Navami
2024-04-21,West Bengal,1,0,Mahavira's Birthday
2024-05-09,West Bengal,0,1,Rabindra Jayanti
2024-05-23,West Bengal,1,0,Buddha Purnima
2024-06-17,West Bengal,1,0,Eid al-Adha
2024-07-17,West Bengal,1,0,Ashura
2024-08-15,West Bengal,1,0,Independence Day
2024-08-26,West Bengal,1,0,Janmashtami (Vaishnava)
2024-09-16,West Bengal,1,0,Prophet's Birthday
2024-10-02,West Bengal,1,0,Mahatma Gandhi's Birthday
2024-10-12,West Bengal,1,0,Dussehra
2024-10-31,West Bengal,1,0,Diwali (Deepavali)
2024-11-15,West Bengal,1,0,Guru Nanak's Birthday
2024-12-25,West Bengal,1,0,Christmas
2025-01-26,West Bengal,1,0,Republic Day
2025-02-26,West Bengal,1,0,Maha Shivaratri
2025-03-14,West Bengal,1,0,Holi
2025-03-31,West Bengal,1,0,Eid al-Fitr
2025-04-10,West Bengal,1,0,Mahavira's Birthday
2025-04-14,West Bengal,1,0,Dr. B. R. Ambedkar's Birthday
2025-04-15,West Bengal,0,1,Pohela Boishakh
2025-04-18,West Bengal,1,0,Good Friday
2025-05-09,West Bengal,0,1,Rabindra Jayanti
2025-05-12,West Bengal,1,0,Buddha Purnima
2025-06-07,West Bengal,1,0,Eid al-Adha
2025-07-06,West Bengal,1,0,Ashura
2025-08-15,West Bengal,1,0,Independence Day
2025-08-16,West Bengal,1,0,Janmashtami (Vaishnava)
2025-09-05,West Bengal,1,0,Prophet's Birthday
2025-10-02,West Bengal,1,0,Dussehra; Mahatma Gandhi's Birthday
2025-10-20,West Bengal,1,0,Diwali (Deepavali)
2025-11-05,West Bengal,1,0,Guru Nanak's Birthday
2025-12-25,West Bengal,1,0,Christmas
2026-01-26,West Bengal,1,0,Republic Day
2026-03-04,West Bengal,1,0,Holi
2026-03-21,West Bengal,1,0,Eid al-Fitr
2026-03-26,West Bengal,1,0,Ram Navami
2026-03-31,West Bengal,1,0,Mahavira's Birthday
2026-04-03,West Bengal,1,0,Good Friday
